,map,regular_time,regular_sum_of_costs,reverse_time_60,reverse_sum_of_costs_60,reverse_time_120,reverse_sum_of_costs_120,reverse_time_300,reverse_sum_of_costs_300
0,mazes/maze50x50_3_99.txt,0.5592970848083496,279,1.5543293952941895,279,1.5543293952941895,279,1.5543293952941895,279
1,mazes/maze50x50_3_98.txt,0.24529647827148438,235,0.5785119533538818,235,0.5785119533538818,235,0.5785119533538818,235
2,mazes/maze50x50_3_97.txt,0.08146524429321289,155,0.09621977806091309,155,0.09621977806091309,155,0.09621977806091309,155
3,mazes/maze50x50_3_96.txt,0.3095102310180664,136,0.12504839897155762,136,0.12504839897155762,136,0.12504839897155762,136
4,mazes/maze50x50_3_95.txt,0.07971668243408203,124,0.07524323463439941,124,0.07524323463439941,124,0.07524323463439941,124
5,mazes/maze50x50_3_94.txt,0.14356446266174316,154,0.16523146629333496,154,0.16523146629333496,154,0.16523146629333496,154
6,mazes/maze50x50_3_93.txt,277.1929860115051,169,60.485167503356934,False,121.92020463943481,False,306.9926724433899,False
7,mazes/maze50x50_3_92.txt,0.3213002681732178,180,0.556215763092041,180,0.556215763092041,180,0.556215763092041,180
8,mazes/maze50x50_3_91.txt,0.3572518825531006,180,0.3074004650115967,180,0.3074004650115967,180,0.3074004650115967,180
9,mazes/maze50x50_3_90.txt,0.0410006046295166,87,0.05413508415222168,87,0.05413508415222168,87,0.05413508415222168,87
10,mazes/maze50x50_3_9.txt,0.0932159423828125,146,0.09454154968261719,146,0.09454154968261719,146,0.09454154968261719,146
11,mazes/maze50x50_3_89.txt,0.09584927558898926,163,0.10862398147583008,163,0.10862398147583008,163,0.10862398147583008,163
12,mazes/maze50x50_3_88.txt,0.30292391777038574,171,0.6265687942504883,171,0.6265687942504883,171,0.6265687942504883,171
13,mazes/maze50x50_3_87.txt,0.12257266044616699,124,0.14992451667785645,124,0.14992451667785645,124,0.14992451667785645,124
14,mazes/maze50x50_3_86.txt,0.0747842788696289,150,0.08732318878173828,150,0.08732318878173828,150,0.08732318878173828,150
15,mazes/maze50x50_3_85.txt,0.0816800594329834,111,0.08352422714233398,111,0.08352422714233398,111,0.08352422714233398,111
16,mazes/maze50x50_3_84.txt,0.20825552940368652,149,0.3816664218902588,149,0.3816664218902588,149,0.3816664218902588,149
17,mazes/maze50x50_3_83.txt,0.44027018547058105,239,4.460541486740112,239,4.460541486740112,239,4.460541486740112,239
18,mazes/maze50x50_3_82.txt,0.08434629440307617,128,0.08352136611938477,128,0.08352136611938477,128,0.08352136611938477,128
19,mazes/maze50x50_3_81.txt,0.1554584503173828,168,0.17709660530090332,168,0.17709660530090332,168,0.17709660530090332,168
20,mazes/maze50x50_3_80.txt,325.5538909435272,205,60.45183515548706,False,121.93481874465942,False,306.6990211009979,False
21,mazes/maze50x50_3_8.txt,0.07299518585205078,109,0.08450579643249512,109,0.08450579643249512,109,0.08450579643249512,109
22,mazes/maze50x50_3_79.txt,0.10695981979370117,150,0.2955913543701172,150,0.2955913543701172,150,0.2955913543701172,150
23,mazes/maze50x50_3_78.txt,0.13200068473815918,123,0.18177485466003418,123,0.18177485466003418,123,0.18177485466003418,123
24,mazes/maze50x50_3_77.txt,0.0709221363067627,120,0.05554509162902832,120,0.05554509162902832,120,0.05554509162902832,120
25,mazes/maze50x50_3_76.txt,0.0915381908416748,159,0.09163618087768555,159,0.09163618087768555,159,0.09163618087768555,159
26,mazes/maze50x50_3_75.txt,0.9654045104980469,213,60.26616024971008,229,120.44061326980591,225,122.4788658618927,213
27,mazes/maze50x50_3_74.txt,32.339746713638306,266,61.04651951789856,296,120.96611714363098,296,301.7109875679016,296
28,mazes/maze50x50_3_73.txt,0.024577856063842773,55,0.017061233520507812,55,0.017061233520507812,55,0.017061233520507812,55
29,mazes/maze50x50_3_72.txt,0.23224735260009766,189,0.2238330841064453,189,0.2238330841064453,189,0.2238330841064453,189
30,mazes/maze50x50_3_71.txt,0.30446290969848633,182,1.1954865455627441,182,1.1954865455627441,182,1.1954865455627441,182
31,mazes/maze50x50_3_70.txt,0.15892362594604492,210,0.19892001152038574,210,0.19892001152038574,210,0.19892001152038574,210
32,mazes/maze50x50_3_7.txt,0.15848183631896973,162,0.14030051231384277,162,0.14030051231384277,162,0.14030051231384277,162
33,mazes/maze50x50_3_69.txt,0.23623251914978027,167,0.30511903762817383,167,0.30511903762817383,167,0.30511903762817383,167
34,mazes/maze50x50_3_68.txt,0.19937372207641602,203,0.17548012733459473,203,0.17548012733459473,203,0.17548012733459473,203
35,mazes/maze50x50_3_67.txt,0.28019237518310547,176,0.23838496208190918,176,0.23838496208190918,176,0.23838496208190918,176
36,mazes/maze50x50_3_66.txt,0.26510000228881836,221,1.4193997383117676,221,1.4193997383117676,221,1.4193997383117676,221
37,mazes/maze50x50_3_65.txt,0.7119474411010742,271,0.813784122467041,271,0.813784122467041,271,0.813784122467041,271
38,mazes/maze50x50_3_64.txt,0.2516045570373535,235,0.3545112609863281,235,0.3545112609863281,235,0.3545112609863281,235
39,mazes/maze50x50_3_63.txt,0.06269240379333496,138,0.06474089622497559,138,0.06474089622497559,138,0.06474089622497559,138
40,mazes/maze50x50_3_62.txt,0.21772074699401855,178,0.21814751625061035,178,0.21814751625061035,178,0.21814751625061035,178
41,mazes/maze50x50_3_61.txt,1.4125134944915771,149,60.31091284751892,171,120.25198602676392,171,216.7182366847992,149
42,mazes/maze50x50_3_60.txt,0.29965686798095703,250,0.9970417022705078,250,0.9970417022705078,250,0.9970417022705078,250
43,mazes/maze50x50_3_6.txt,0.49663710594177246,247,0.5563910007476807,247,0.5563910007476807,247,0.5563910007476807,247
44,mazes/maze50x50_3_59.txt,0.046291351318359375,119,0.0456695556640625,119,0.0456695556640625,119,0.0456695556640625,119
45,mazes/maze50x50_3_58.txt,0.08626270294189453,116,0.08600997924804688,116,0.08600997924804688,116,0.08600997924804688,116
46,mazes/maze50x50_3_57.txt,0.04624128341674805,86,0.032124996185302734,86,0.032124996185302734,86,0.032124996185302734,86
47,mazes/maze50x50_3_56.txt,287.03989124298096,340,60.17437267303467,False,121.55549693107605,False,305.9509162902832,False
48,mazes/maze50x50_3_55.txt,0.2893640995025635,220,0.3253140449523926,220,0.3253140449523926,220,0.3253140449523926,220
49,mazes/maze50x50_3_54.txt,0.37149786949157715,240,0.3659696578979492,240,0.3659696578979492,240,0.3659696578979492,240
50,mazes/maze50x50_3_53.txt,0.15856504440307617,176,0.17008161544799805,176,0.17008161544799805,176,0.17008161544799805,176
51,mazes/maze50x50_3_52.txt,0.20106291770935059,177,0.2013552188873291,177,0.2013552188873291,177,0.2013552188873291,177
52,mazes/maze50x50_3_51.txt,0.03414559364318848,110,0.09197306632995605,110,0.09197306632995605,110,0.09197306632995605,110
53,mazes/maze50x50_3_50.txt,0.16966843605041504,155,0.14858078956604004,155,0.14858078956604004,155,0.14858078956604004,155
54,mazes/maze50x50_3_5.txt,851.5750434398651,185,61.81523299217224,False,120.37958216667175,False,305.224573135376,False
55,mazes/maze50x50_3_49.txt,0.05042409896850586,110,0.06379389762878418,110,0.06379389762878418,110,0.06379389762878418,110
56,mazes/maze50x50_3_48.txt,0.23839950561523438,178,0.5496006011962891,178,0.5496006011962891,178,0.5496006011962891,178
57,mazes/maze50x50_3_47.txt,1800.37091755867,False,61.880085945129395,False,128.65444612503052,False,301.6650471687317,False
58,mazes/maze50x50_3_46.txt,0.07887935638427734,104,0.0945580005645752,104,0.0945580005645752,104,0.0945580005645752,104
59,mazes/maze50x50_3_45.txt,0.07748174667358398,116,0.07970046997070312,116,0.07970046997070312,116,0.07970046997070312,116
60,mazes/maze50x50_3_44.txt,0.04834103584289551,126,0.04871773719787598,126,0.04871773719787598,126,0.04871773719787598,126
61,mazes/maze50x50_3_43.txt,0.11055278778076172,198,0.29054784774780273,198,0.29054784774780273,198,0.29054784774780273,198
62,mazes/maze50x50_3_42.txt,424.1717185974121,154,60.48775506019592,False,121.50735473632812,False,306.05072593688965,False
63,mazes/maze50x50_3_41.txt,0.4408681392669678,231,1.0012693405151367,231,1.0012693405151367,231,1.0012693405151367,231
64,mazes/maze50x50_3_40.txt,0.19930768013000488,192,0.20952153205871582,192,0.20952153205871582,192,0.20952153205871582,192
65,mazes/maze50x50_3_4.txt,0.16662859916687012,168,0.3992185592651367,168,0.3992185592651367,168,0.3992185592651367,168
66,mazes/maze50x50_3_39.txt,0.2260737419128418,204,0.22060203552246094,204,0.22060203552246094,204,0.22060203552246094,204
67,mazes/maze50x50_3_38.txt,0.18478178977966309,165,0.37314867973327637,165,0.37314867973327637,165,0.37314867973327637,165
68,mazes/maze50x50_3_37.txt,0.65195631980896,287,1.7189946174621582,287,1.7189946174621582,287,1.7189946174621582,287
69,mazes/maze50x50_3_36.txt,0.27250242233276367,166,0.39808130264282227,166,0.39808130264282227,166,0.39808130264282227,166
70,mazes/maze50x50_3_35.txt,0.06467103958129883,119,0.06747746467590332,119,0.06747746467590332,119,0.06747746467590332,119
71,mazes/maze50x50_3_34.txt,1800.6986610889435,False,62.40172839164734,False,123.69556331634521,False,303.1412863731384,False
72,mazes/maze50x50_3_33.txt,0.12709665298461914,155,0.16188669204711914,155,0.16188669204711914,155,0.16188669204711914,155
73,mazes/maze50x50_3_32.txt,0.3070681095123291,216,0.5565733909606934,216,0.5565733909606934,216,0.5565733909606934,216
74,mazes/maze50x50_3_31.txt,0.38666534423828125,226,1.203340768814087,226,1.203340768814087,226,1.203340768814087,226
75,mazes/maze50x50_3_30.txt,0.37349534034729004,202,1.1633210182189941,202,1.1633210182189941,202,1.1633210182189941,202
76,mazes/maze50x50_3_3.txt,0.24038267135620117,170,0.330181360244751,170,0.330181360244751,170,0.330181360244751,170
77,mazes/maze50x50_3_29.txt,0.34467577934265137,259,0.6431369781494141,259,0.6431369781494141,259,0.6431369781494141,259
78,mazes/maze50x50_3_28.txt,0.33671140670776367,198,0.7313492298126221,198,0.7313492298126221,198,0.7313492298126221,198
79,mazes/maze50x50_3_27.txt,0.15590262413024902,165,0.13002705574035645,165,0.13002705574035645,165,0.13002705574035645,165
80,mazes/maze50x50_3_26.txt,0.6306726932525635,257,1.7450950145721436,257,1.7450950145721436,257,1.7450950145721436,257
81,mazes/maze50x50_3_25.txt,0.19745373725891113,176,0.6124179363250732,176,0.6124179363250732,176,0.6124179363250732,176
82,mazes/maze50x50_3_24.txt,0.39786458015441895,209,1.2816245555877686,209,1.2816245555877686,209,1.2816245555877686,209
83,mazes/maze50x50_3_23.txt,0.5382771492004395,212,1.0382187366485596,212,1.0382187366485596,212,1.0382187366485596,212
84,mazes/maze50x50_3_22.txt,0.15741181373596191,164,0.19931530952453613,164,0.19931530952453613,164,0.19931530952453613,164
85,mazes/maze50x50_3_21.txt,0.25165724754333496,136,0.3509030342102051,136,0.3509030342102051,136,0.3509030342102051,136
86,mazes/maze50x50_3_20.txt,0.2941403388977051,214,0.2694554328918457,214,0.2694554328918457,214,0.2694554328918457,214
87,mazes/maze50x50_3_2.txt,0.08424496650695801,162,0.07924127578735352,162,0.07924127578735352,162,0.07924127578735352,162
88,mazes/maze50x50_3_199.txt,0.06904149055480957,98,0.3497190475463867,98,0.3497190475463867,98,0.3497190475463867,98
89,mazes/maze50x50_3_198.txt,0.07557272911071777,146,0.5222597122192383,146,0.5222597122192383,146,0.5222597122192383,146
90,mazes/maze50x50_3_197.txt,0.1133725643157959,108,0.10970735549926758,108,0.10970735549926758,108,0.10970735549926758,108
91,mazes/maze50x50_3_196.txt,0.02382516860961914,85,0.0337061882019043,85,0.0337061882019043,85,0.0337061882019043,85
92,mazes/maze50x50_3_195.txt,0.2762923240661621,186,0.4992525577545166,186,0.4992525577545166,186,0.4992525577545166,186
93,mazes/maze50x50_3_194.txt,1.112856388092041,361,2.937471389770508,361,2.937471389770508,361,2.937471389770508,361
94,mazes/maze50x50_3_193.txt,0.06868243217468262,109,0.4048941135406494,109,0.4048941135406494,109,0.4048941135406494,109
95,mazes/maze50x50_3_192.txt,0.10159111022949219,138,0.07646393775939941,138,0.07646393775939941,138,0.07646393775939941,138
96,mazes/maze50x50_3_191.txt,0.06856179237365723,148,0.06783437728881836,148,0.06783437728881836,148,0.06783437728881836,148
97,mazes/maze50x50_3_190.txt,116.24948215484619,214,60.98520541191101,False,122.3647050857544,False,301.85192108154297,260
98,mazes/maze50x50_3_19.txt,0.2814807891845703,180,3.467273473739624,180,3.467273473739624,180,3.467273473739624,180
99,mazes/maze50x50_3_189.txt,0.13624334335327148,140,0.14447593688964844,140,0.14447593688964844,140,0.14447593688964844,140
100,mazes/maze50x50_3_188.txt,0.16412711143493652,150,0.20440220832824707,150,0.20440220832824707,150,0.20440220832824707,150
101,mazes/maze50x50_3_187.txt,0.612499475479126,190,2.2226204872131348,190,2.2226204872131348,190,2.2226204872131348,190
102,mazes/maze50x50_3_186.txt,234.45707297325134,176,60.654762983322144,False,122.06272101402283,False,300.9470217227936,176
103,mazes/maze50x50_3_185.txt,388.00668692588806,233,60.142009258270264,False,121.4715416431427,False,306.07515692710876,False
104,mazes/maze50x50_3_184.txt,0.09860801696777344,134,0.10385751724243164,134,0.10385751724243164,134,0.10385751724243164,134
105,mazes/maze50x50_3_183.txt,0.10587716102600098,123,0.31119775772094727,123,0.31119775772094727,123,0.31119775772094727,123
106,mazes/maze50x50_3_182.txt,0.11754131317138672,113,0.15046095848083496,113,0.15046095848083496,113,0.15046095848083496,113
107,mazes/maze50x50_3_181.txt,0.07683205604553223,109,0.07839107513427734,109,0.07839107513427734,109,0.07839107513427734,109
108,mazes/maze50x50_3_180.txt,56.32515287399292,199,61.17588829994202,False,120.32209038734436,199,128.59236073493958,199
109,mazes/maze50x50_3_18.txt,0.6964852809906006,290,1.7166063785552979,290,1.7166063785552979,290,1.7166063785552979,290
110,mazes/maze50x50_3_179.txt,0.24428009986877441,258,0.25204944610595703,258,0.25204944610595703,258,0.25204944610595703,258
111,mazes/maze50x50_3_178.txt,0.34819722175598145,207,0.5017874240875244,207,0.5017874240875244,207,0.5017874240875244,207
112,mazes/maze50x50_3_177.txt,0.3452644348144531,217,0.45611000061035156,217,0.45611000061035156,217,0.45611000061035156,217
113,mazes/maze50x50_3_176.txt,0.3309454917907715,207,0.8001174926757812,207,0.8001174926757812,207,0.8001174926757812,207
114,mazes/maze50x50_3_175.txt,0.3363010883331299,211,0.8331508636474609,211,0.8331508636474609,211,0.8331508636474609,211
115,mazes/maze50x50_3_174.txt,0.21158576011657715,206,0.2372598648071289,206,0.2372598648071289,206,0.2372598648071289,206
116,mazes/maze50x50_3_173.txt,0.04903745651245117,117,0.061937808990478516,117,0.061937808990478516,117,0.061937808990478516,117
117,mazes/maze50x50_3_172.txt,0.1291182041168213,165,0.12738490104675293,165,0.12738490104675293,165,0.12738490104675293,165
118,mazes/maze50x50_3_171.txt,0.32529187202453613,239,0.4958972930908203,239,0.4958972930908203,239,0.4958972930908203,239
119,mazes/maze50x50_3_170.txt,0.13678598403930664,203,0.12262392044067383,203,0.12262392044067383,203,0.12262392044067383,203
120,mazes/maze50x50_3_17.txt,0.2634568214416504,146,0.44380712509155273,146,0.44380712509155273,146,0.44380712509155273,146
121,mazes/maze50x50_3_169.txt,0.08035540580749512,133,0.06042289733886719,133,0.06042289733886719,133,0.06042289733886719,133
122,mazes/maze50x50_3_168.txt,0.13878774642944336,165,0.12489533424377441,165,0.12489533424377441,165,0.12489533424377441,165
123,mazes/maze50x50_3_167.txt,0.10126042366027832,150,0.10278749465942383,150,0.10278749465942383,150,0.10278749465942383,150
124,mazes/maze50x50_3_166.txt,0.05626249313354492,103,0.06615328788757324,103,0.06615328788757324,103,0.06615328788757324,103
125,mazes/maze50x50_3_165.txt,0.24313974380493164,185,0.5639331340789795,185,0.5639331340789795,185,0.5639331340789795,185
126,mazes/maze50x50_3_164.txt,0.38071107864379883,230,0.3669579029083252,230,0.3669579029083252,230,0.3669579029083252,230
127,mazes/maze50x50_3_163.txt,0.1603684425354004,152,0.1866464614868164,152,0.1866464614868164,152,0.1866464614868164,152
128,mazes/maze50x50_3_162.txt,0.05703926086425781,89,0.07184934616088867,89,0.07184934616088867,89,0.07184934616088867,89
129,mazes/maze50x50_3_161.txt,0.3011002540588379,206,3.334092378616333,206,3.334092378616333,206,3.334092378616333,206
130,mazes/maze50x50_3_160.txt,0.31761693954467773,220,1.0063743591308594,220,1.0063743591308594,220,1.0063743591308594,220
131,mazes/maze50x50_3_16.txt,0.49634790420532227,215,2.4424028396606445,215,2.4424028396606445,215,2.4424028396606445,215
132,mazes/maze50x50_3_159.txt,0.21947813034057617,166,0.3842005729675293,166,0.3842005729675293,166,0.3842005729675293,166
133,mazes/maze50x50_3_158.txt,0.28786420822143555,224,0.6810634136199951,224,0.6810634136199951,224,0.6810634136199951,224
134,mazes/maze50x50_3_157.txt,0.3211343288421631,199,1.3339149951934814,199,1.3339149951934814,199,1.3339149951934814,199
135,mazes/maze50x50_3_156.txt,0.03787112236022949,85,0.03753328323364258,85,0.03753328323364258,85,0.03753328323364258,85
136,mazes/maze50x50_3_155.txt,0.22414636611938477,173,0.25132179260253906,173,0.25132179260253906,173,0.25132179260253906,173
137,mazes/maze50x50_3_154.txt,0.18525171279907227,158,0.5846598148345947,158,0.5846598148345947,158,0.5846598148345947,158
138,mazes/maze50x50_3_153.txt,0.37758731842041016,244,1.3931593894958496,244,1.3931593894958496,244,1.3931593894958496,244
139,mazes/maze50x50_3_152.txt,0.06994080543518066,114,0.0814511775970459,114,0.0814511775970459,114,0.0814511775970459,114
140,mazes/maze50x50_3_151.txt,0.3459763526916504,276,0.3642842769622803,276,0.3642842769622803,276,0.3642842769622803,276
141,mazes/maze50x50_3_150.txt,0.23939275741577148,228,0.2783503532409668,228,0.2783503532409668,228,0.2783503532409668,228
142,mazes/maze50x50_3_15.txt,1800.5753087997437,False,69.24227523803711,False,122.5394880771637,False,300.6454417705536,False
143,mazes/maze50x50_3_149.txt,0.2236471176147461,143,0.31629133224487305,143,0.31629133224487305,143,0.31629133224487305,143
144,mazes/maze50x50_3_148.txt,0.13487792015075684,155,0.2780179977416992,155,0.2780179977416992,155,0.2780179977416992,155
145,mazes/maze50x50_3_147.txt,0.2081460952758789,163,4.9347083568573,163,4.9347083568573,163,4.9347083568573,163
146,mazes/maze50x50_3_146.txt,0.0991048812866211,138,0.11743593215942383,138,0.11743593215942383,138,0.11743593215942383,138
147,mazes/maze50x50_3_145.txt,0.11968398094177246,149,0.1501920223236084,149,0.1501920223236084,149,0.1501920223236084,149
148,mazes/maze50x50_3_144.txt,0.3896596431732178,173,1.149980068206787,173,1.149980068206787,173,1.149980068206787,173
149,mazes/maze50x50_3_143.txt,0.032684326171875,85,0.030849456787109375,85,0.030849456787109375,85,0.030849456787109375,85
150,mazes/maze50x50_3_142.txt,0.2741208076477051,196,0.23756623268127441,196,0.23756623268127441,196,0.23756623268127441,196
151,mazes/maze50x50_3_141.txt,0.10038948059082031,160,0.12369942665100098,160,0.12369942665100098,160,0.12369942665100098,160
152,mazes/maze50x50_3_140.txt,0.1610884666442871,153,0.9754452705383301,153,0.9754452705383301,153,0.9754452705383301,153
153,mazes/maze50x50_3_14.txt,0.0874032974243164,166,0.10951805114746094,166,0.10951805114746094,166,0.10951805114746094,166
154,mazes/maze50x50_3_139.txt,0.2541525363922119,200,0.3018615245819092,200,0.3018615245819092,200,0.3018615245819092,200
155,mazes/maze50x50_3_138.txt,0.407545804977417,231,1.9816906452178955,231,1.9816906452178955,231,1.9816906452178955,231
156,mazes/maze50x50_3_137.txt,0.1199948787689209,153,0.142930269241333,153,0.142930269241333,153,0.142930269241333,153
157,mazes/maze50x50_3_136.txt,0.033637046813964844,89,0.0334172248840332,89,0.0334172248840332,89,0.0334172248840332,89
158,mazes/maze50x50_3_135.txt,0.17035865783691406,141,0.8646507263183594,141,0.8646507263183594,141,0.8646507263183594,141
159,mazes/maze50x50_3_134.txt,0.22887206077575684,232,0.3781898021697998,232,0.3781898021697998,232,0.3781898021697998,232
160,mazes/maze50x50_3_133.txt,0.07093071937561035,137,0.08193254470825195,137,0.08193254470825195,137,0.08193254470825195,137
161,mazes/maze50x50_3_132.txt,0.08868694305419922,112,0.08747982978820801,112,0.08747982978820801,112,0.08747982978820801,112
162,mazes/maze50x50_3_131.txt,0.24629974365234375,183,0.2787349224090576,183,0.2787349224090576,183,0.2787349224090576,183
163,mazes/maze50x50_3_130.txt,0.36051177978515625,220,0.2898426055908203,220,0.2898426055908203,220,0.2898426055908203,220
164,mazes/maze50x50_3_13.txt,0.1815636157989502,181,0.19424104690551758,181,0.19424104690551758,181,0.19424104690551758,181
165,mazes/maze50x50_3_129.txt,0.13816213607788086,196,0.15833163261413574,196,0.15833163261413574,196,0.15833163261413574,196
166,mazes/maze50x50_3_128.txt,0.16028928756713867,202,0.19577670097351074,202,0.19577670097351074,202,0.19577670097351074,202
167,mazes/maze50x50_3_127.txt,0.9065563678741455,188,2.9975454807281494,188,2.9975454807281494,188,2.9975454807281494,188
168,mazes/maze50x50_3_126.txt,0.12813448905944824,153,0.14345359802246094,153,0.14345359802246094,153,0.14345359802246094,153
169,mazes/maze50x50_3_125.txt,0.25532984733581543,150,0.3154425621032715,150,0.3154425621032715,150,0.3154425621032715,150
170,mazes/maze50x50_3_124.txt,0.10383725166320801,165,0.12352681159973145,165,0.12352681159973145,165,0.12352681159973145,165
171,mazes/maze50x50_3_123.txt,0.260714054107666,198,0.6130492687225342,198,0.6130492687225342,198,0.6130492687225342,198
172,mazes/maze50x50_3_122.txt,0.02472090721130371,79,0.037956953048706055,79,0.037956953048706055,79,0.037956953048706055,79
173,mazes/maze50x50_3_121.txt,0.11185073852539062,110,0.11223864555358887,110,0.11223864555358887,110,0.11223864555358887,110
174,mazes/maze50x50_3_120.txt,0.17004680633544922,192,0.1793651580810547,192,0.1793651580810547,192,0.1793651580810547,192
175,mazes/maze50x50_3_12.txt,0.6694741249084473,201,1.0193712711334229,201,1.0193712711334229,201,1.0193712711334229,201
176,mazes/maze50x50_3_119.txt,1800.6261086463928,False,67.78723549842834,False,124.37553930282593,False,302.2225031852722,False
177,mazes/maze50x50_3_118.txt,0.07022666931152344,135,0.0992124080657959,135,0.0992124080657959,135,0.0992124080657959,135
178,mazes/maze50x50_3_117.txt,0.10865378379821777,152,0.08400464057922363,152,0.08400464057922363,152,0.08400464057922363,152
179,mazes/maze50x50_3_116.txt,0.057443857192993164,115,0.06143355369567871,115,0.06143355369567871,115,0.06143355369567871,115
180,mazes/maze50x50_3_115.txt,0.3885214328765869,234,0.3924717903137207,234,0.3924717903137207,234,0.3924717903137207,234
181,mazes/maze50x50_3_114.txt,53.07902479171753,205,61.04737377166748,False,120.73557639122009,241,301.3297166824341,241
182,mazes/maze50x50_3_113.txt,0.10784697532653809,144,0.07956719398498535,144,0.07956719398498535,144,0.07956719398498535,144
183,mazes/maze50x50_3_112.txt,0.2741720676422119,248,0.40987634658813477,248,0.40987634658813477,248,0.40987634658813477,248
184,mazes/maze50x50_3_111.txt,0.08535003662109375,133,0.09050965309143066,133,0.09050965309143066,133,0.09050965309143066,133
185,mazes/maze50x50_3_110.txt,0.0909571647644043,171,0.09050393104553223,171,0.09050393104553223,171,0.09050393104553223,171
186,mazes/maze50x50_3_11.txt,0.20512938499450684,189,0.27089548110961914,189,0.27089548110961914,189,0.27089548110961914,189
187,mazes/maze50x50_3_109.txt,0.2238461971282959,194,0.5421831607818604,194,0.5421831607818604,194,0.5421831607818604,194
188,mazes/maze50x50_3_108.txt,0.44435858726501465,255,1.460252285003662,255,1.460252285003662,255,1.460252285003662,255
189,mazes/maze50x50_3_107.txt,0.12534236907958984,144,0.14891695976257324,144,0.14891695976257324,144,0.14891695976257324,144
190,mazes/maze50x50_3_106.txt,0.1528325080871582,209,0.17171716690063477,209,0.17171716690063477,209,0.17171716690063477,209
191,mazes/maze50x50_3_105.txt,0.28110599517822266,196,0.30509519577026367,196,0.30509519577026367,196,0.30509519577026367,196
192,mazes/maze50x50_3_104.txt,0.11250734329223633,122,0.11182141304016113,122,0.11182141304016113,122,0.11182141304016113,122
193,mazes/maze50x50_3_103.txt,0.4025585651397705,262,0.39603495597839355,262,0.39603495597839355,262,0.39603495597839355,262
194,mazes/maze50x50_3_102.txt,0.09836912155151367,164,0.09925007820129395,164,0.09925007820129395,164,0.09925007820129395,164
195,mazes/maze50x50_3_101.txt,0.9065313339233398,302,1.2993876934051514,302,1.2993876934051514,302,1.2993876934051514,302
196,mazes/maze50x50_3_100.txt,0.2105574607849121,154,0.22819018363952637,154,0.22819018363952637,154,0.22819018363952637,154
197,mazes/maze50x50_3_10.txt,107.79940056800842,122,61.12529730796814,False,120.35786128044128,122,180.86060237884521,122
198,mazes/maze50x50_3_1.txt,0.5298559665679932,258,1.6674809455871582,258,1.6674809455871582,258,1.6674809455871582,258
199,mazes/maze50x50_3_0.txt,0.18684148788452148,193,0.19527459144592285,193,0.19527459144592285,193,0.19527459144592285,193
200,mazes/maze25x25_3_99.txt,0.026944398880004883,93,0.025938987731933594,93,0.025938987731933594,93,0.025938987731933594,93
201,mazes/maze25x25_3_98.txt,0.010870695114135742,55,0.010844230651855469,55,0.010844230651855469,55,0.010844230651855469,55
202,mazes/maze25x25_3_97.txt,0.045619964599609375,99,0.041676998138427734,99,0.041676998138427734,99,0.041676998138427734,99
203,mazes/maze25x25_3_96.txt,0.05211162567138672,94,0.08539199829101562,94,0.08539199829101562,94,0.08539199829101562,94
204,mazes/maze25x25_3_95.txt,0.09088611602783203,110,0.253307580947876,110,0.253307580947876,110,0.253307580947876,110
205,mazes/maze25x25_3_94.txt,0.032588958740234375,63,0.019054174423217773,63,0.019054174423217773,63,0.019054174423217773,63
206,mazes/maze25x25_3_93.txt,0.0356442928314209,98,0.08182168006896973,98,0.08182168006896973,98,0.08182168006896973,98
207,mazes/maze25x25_3_92.txt,0.007593393325805664,50,0.007192134857177734,50,0.007192134857177734,50,0.007192134857177734,50
208,mazes/maze25x25_3_91.txt,0.010851383209228516,65,0.010756254196166992,65,0.010756254196166992,65,0.010756254196166992,65
209,mazes/maze25x25_3_90.txt,0.029634475708007812,80,0.08027267456054688,80,0.08027267456054688,80,0.08027267456054688,80
210,mazes/maze25x25_3_9.txt,1.8908655643463135,94,3.8775346279144287,94,3.8775346279144287,94,3.8775346279144287,94
211,mazes/maze25x25_3_89.txt,0.6973979473114014,140,0.6088244915008545,140,0.6088244915008545,140,0.6088244915008545,140
212,mazes/maze25x25_3_88.txt,12.095805168151855,109,60.178757429122925,143,120.18960094451904,143,300.1692101955414,143
213,mazes/maze25x25_3_87.txt,0.15606379508972168,169,0.45163822174072266,169,0.45163822174072266,169,0.45163822174072266,169
214,mazes/maze25x25_3_86.txt,0.09582209587097168,65,0.18907904624938965,65,0.18907904624938965,65,0.18907904624938965,65
215,mazes/maze25x25_3_85.txt,0.026360750198364258,85,0.025101184844970703,85,0.025101184844970703,85,0.025101184844970703,85
216,mazes/maze25x25_3_84.txt,0.013074874877929688,79,0.013346195220947266,79,0.013346195220947266,79,0.013346195220947266,79
217,mazes/maze25x25_3_83.txt,0.023008108139038086,94,0.022506237030029297,94,0.022506237030029297,94,0.022506237030029297,94
218,mazes/maze25x25_3_82.txt,0.006844520568847656,39,0.0071032047271728516,39,0.0071032047271728516,39,0.0071032047271728516,39
219,mazes/maze25x25_3_81.txt,0.05594515800476074,92,0.0789947509765625,92,0.0789947509765625,92,0.0789947509765625,92
220,mazes/maze25x25_3_80.txt,0.041675567626953125,83,0.049759864807128906,83,0.049759864807128906,83,0.049759864807128906,83
221,mazes/maze25x25_3_8.txt,0.00860595703125,62,0.007807731628417969,62,0.007807731628417969,62,0.007807731628417969,62
222,mazes/maze25x25_3_79.txt,0.013180017471313477,43,0.013397455215454102,43,0.013397455215454102,43,0.013397455215454102,43
223,mazes/maze25x25_3_78.txt,0.07747268676757812,167,0.13563203811645508,167,0.13563203811645508,167,0.13563203811645508,167
224,mazes/maze25x25_3_77.txt,0.0308988094329834,95,0.07371807098388672,95,0.07371807098388672,95,0.07371807098388672,95
225,mazes/maze25x25_3_76.txt,0.005990028381347656,36,0.006077766418457031,36,0.006077766418457031,36,0.006077766418457031,36
226,mazes/maze25x25_3_75.txt,0.03256869316101074,118,0.23706626892089844,118,0.23706626892089844,118,0.23706626892089844,118
227,mazes/maze25x25_3_74.txt,0.008906364440917969,53,0.008111953735351562,53,0.008111953735351562,53,0.008111953735351562,53
228,mazes/maze25x25_3_73.txt,0.08691620826721191,116,0.1358323097229004,116,0.1358323097229004,116,0.1358323097229004,116
229,mazes/maze25x25_3_72.txt,0.017267942428588867,63,0.02976250648498535,63,0.02976250648498535,63,0.02976250648498535,63
230,mazes/maze25x25_3_71.txt,0.024735450744628906,92,0.04237985610961914,92,0.04237985610961914,92,0.04237985610961914,92
231,mazes/maze25x25_3_70.txt,0.010543584823608398,47,0.013576030731201172,47,0.013576030731201172,47,0.013576030731201172,47
232,mazes/maze25x25_3_7.txt,0.014955282211303711,60,0.036852359771728516,60,0.036852359771728516,60,0.036852359771728516,60
233,mazes/maze25x25_3_69.txt,0.013403654098510742,60,0.025888442993164062,60,0.025888442993164062,60,0.025888442993164062,60
234,mazes/maze25x25_3_68.txt,0.0904533863067627,102,0.13735032081604004,102,0.13735032081604004,102,0.13735032081604004,102
235,mazes/maze25x25_3_67.txt,0.02188730239868164,70,0.0695655345916748,70,0.0695655345916748,70,0.0695655345916748,70
236,mazes/maze25x25_3_66.txt,0.03850841522216797,96,0.04781293869018555,96,0.04781293869018555,96,0.04781293869018555,96
237,mazes/maze25x25_3_65.txt,0.003918170928955078,27,0.003833770751953125,27,0.003833770751953125,27,0.003833770751953125,27
238,mazes/maze25x25_3_64.txt,0.009908676147460938,74,0.008946418762207031,74,0.008946418762207031,74,0.008946418762207031,74
239,mazes/maze25x25_3_63.txt,0.02557516098022461,58,0.013866186141967773,58,0.013866186141967773,58,0.013866186141967773,58
240,mazes/maze25x25_3_62.txt,0.042572021484375,93,0.07156944274902344,93,0.07156944274902344,93,0.07156944274902344,93
241,mazes/maze25x25_3_61.txt,0.025508642196655273,69,0.01881694793701172,69,0.01881694793701172,69,0.01881694793701172,69
242,mazes/maze25x25_3_60.txt,0.06290578842163086,79,0.16608738899230957,79,0.16608738899230957,79,0.16608738899230957,79
243,mazes/maze25x25_3_6.txt,0.010744333267211914,66,0.01045370101928711,66,0.01045370101928711,66,0.01045370101928711,66
244,mazes/maze25x25_3_59.txt,0.008317232131958008,58,0.007897377014160156,58,0.007897377014160156,58,0.007897377014160156,58
245,mazes/maze25x25_3_58.txt,4.730140209197998,74,7.966118574142456,74,7.966118574142456,74,7.966118574142456,74
246,mazes/maze25x25_3_57.txt,0.008553028106689453,49,0.007929563522338867,49,0.007929563522338867,49,0.007929563522338867,49
247,mazes/maze25x25_3_56.txt,0.010735511779785156,52,0.03928065299987793,52,0.03928065299987793,52,0.03928065299987793,52
248,mazes/maze25x25_3_55.txt,0.007315874099731445,37,0.0068280696868896484,37,0.0068280696868896484,37,0.0068280696868896484,37
249,mazes/maze25x25_3_54.txt,0.0679628849029541,80,0.2206282615661621,80,0.2206282615661621,80,0.2206282615661621,80
250,mazes/maze25x25_3_53.txt,0.02414870262145996,80,0.023352384567260742,80,0.023352384567260742,80,0.023352384567260742,80
251,mazes/maze25x25_3_52.txt,0.011318683624267578,61,0.011130094528198242,61,0.011130094528198242,61,0.011130094528198242,61
252,mazes/maze25x25_3_51.txt,0.12332773208618164,129,0.18138384819030762,129,0.18138384819030762,129,0.18138384819030762,129
253,mazes/maze25x25_3_50.txt,44.146247148513794,95,60.701656103134155,143,120.2690122127533,143,300.34699153900146,143
254,mazes/maze25x25_3_5.txt,0.04352140426635742,63,0.057098388671875,63,0.057098388671875,63,0.057098388671875,63
255,mazes/maze25x25_3_49.txt,0.028250694274902344,71,0.0767982006072998,71,0.0767982006072998,71,0.0767982006072998,71
256,mazes/maze25x25_3_48.txt,0.01791858673095703,73,0.018125057220458984,73,0.018125057220458984,73,0.018125057220458984,73
257,mazes/maze25x25_3_47.txt,0.004308223724365234,28,0.00403141975402832,28,0.00403141975402832,28,0.00403141975402832,28
258,mazes/maze25x25_3_46.txt,0.026679515838623047,105,0.02631831169128418,105,0.02631831169128418,105,0.02631831169128418,105
259,mazes/maze25x25_3_45.txt,0.045006513595581055,118,0.08620905876159668,118,0.08620905876159668,118,0.08620905876159668,118
260,mazes/maze25x25_3_44.txt,0.06689620018005371,67,0.07615804672241211,67,0.07615804672241211,67,0.07615804672241211,67
261,mazes/maze25x25_3_43.txt,0.00590825080871582,40,0.005429267883300781,40,0.005429267883300781,40,0.005429267883300781,40
262,mazes/maze25x25_3_42.txt,0.09829425811767578,87,0.23038196563720703,87,0.23038196563720703,87,0.23038196563720703,87
263,mazes/maze25x25_3_41.txt,0.11444616317749023,108,0.18447422981262207,108,0.18447422981262207,108,0.18447422981262207,108
264,mazes/maze25x25_3_40.txt,0.003473520278930664,26,0.0035855770111083984,26,0.0035855770111083984,26,0.0035855770111083984,26
265,mazes/maze25x25_3_4.txt,0.02270364761352539,78,0.02193307876586914,78,0.02193307876586914,78,0.02193307876586914,78
266,mazes/maze25x25_3_39.txt,0.03859448432922363,118,0.0763394832611084,118,0.0763394832611084,118,0.0763394832611084,118
267,mazes/maze25x25_3_38.txt,0.0031647682189941406,25,0.0029401779174804688,25,0.0029401779174804688,25,0.0029401779174804688,25
268,mazes/maze25x25_3_37.txt,0.05663585662841797,101,0.15537285804748535,101,0.15537285804748535,101,0.15537285804748535,101
269,mazes/maze25x25_3_36.txt,0.022605419158935547,77,0.0438995361328125,77,0.0438995361328125,77,0.0438995361328125,77
270,mazes/maze25x25_3_35.txt,0.020450830459594727,87,0.04123330116271973,87,0.04123330116271973,87,0.04123330116271973,87
271,mazes/maze25x25_3_34.txt,0.007172584533691406,46,0.006787538528442383,46,0.006787538528442383,46,0.006787538528442383,46
272,mazes/maze25x25_3_33.txt,0.015377998352050781,60,0.014725923538208008,60,0.014725923538208008,60,0.014725923538208008,60
273,mazes/maze25x25_3_32.txt,0.010295391082763672,71,0.011617422103881836,71,0.011617422103881836,71,0.011617422103881836,71
274,mazes/maze25x25_3_31.txt,0.019641637802124023,76,0.016761302947998047,76,0.016761302947998047,76,0.016761302947998047,76
275,mazes/maze25x25_3_30.txt,0.08090567588806152,84,0.1941218376159668,84,0.1941218376159668,84,0.1941218376159668,84
276,mazes/maze25x25_3_3.txt,0.04668736457824707,105,0.03292965888977051,105,0.03292965888977051,105,0.03292965888977051,105
277,mazes/maze25x25_3_29.txt,0.016072511672973633,69,0.040692806243896484,69,0.040692806243896484,69,0.040692806243896484,69
278,mazes/maze25x25_3_28.txt,0.028026103973388672,82,0.016674041748046875,82,0.016674041748046875,82,0.016674041748046875,82
279,mazes/maze25x25_3_27.txt,0.04633903503417969,84,0.12766289710998535,84,0.12766289710998535,84,0.12766289710998535,84
280,mazes/maze25x25_3_26.txt,0.03196287155151367,76,0.08141326904296875,76,0.08141326904296875,76,0.08141326904296875,76
281,mazes/maze25x25_3_25.txt,0.049466848373413086,96,0.10405564308166504,96,0.10405564308166504,96,0.10405564308166504,96
282,mazes/maze25x25_3_24.txt,0.02080988883972168,91,0.06106424331665039,91,0.06106424331665039,91,0.06106424331665039,91
283,mazes/maze25x25_3_23.txt,0.011986255645751953,50,0.02404952049255371,50,0.02404952049255371,50,0.02404952049255371,50
284,mazes/maze25x25_3_22.txt,0.0070018768310546875,41,0.0069730281829833984,41,0.0069730281829833984,41,0.0069730281829833984,41
285,mazes/maze25x25_3_21.txt,0.022757768630981445,73,0.05709028244018555,73,0.05709028244018555,73,0.05709028244018555,73
286,mazes/maze25x25_3_20.txt,0.050538063049316406,100,0.06696796417236328,100,0.06696796417236328,100,0.06696796417236328,100
287,mazes/maze25x25_3_2.txt,0.008711099624633789,52,0.008338689804077148,52,0.008338689804077148,52,0.008338689804077148,52
288,mazes/maze25x25_3_199.txt,0.014418840408325195,64,0.02608966827392578,64,0.02608966827392578,64,0.02608966827392578,64
289,mazes/maze25x25_3_198.txt,0.00526118278503418,34,0.0056531429290771484,34,0.0056531429290771484,34,0.0056531429290771484,34
290,mazes/maze25x25_3_197.txt,0.029166460037231445,89,0.05616593360900879,89,0.05616593360900879,89,0.05616593360900879,89
291,mazes/maze25x25_3_196.txt,211.179922580719,117,61.07659292221069,False,120.50684022903442,181,300.72328639030457,181
292,mazes/maze25x25_3_195.txt,0.03646969795227051,68,0.012738704681396484,68,0.012738704681396484,68,0.012738704681396484,68
293,mazes/maze25x25_3_194.txt,0.015741586685180664,59,0.0182039737701416,59,0.0182039737701416,59,0.0182039737701416,59
294,mazes/maze25x25_3_193.txt,0.0280001163482666,96,0.04836726188659668,96,0.04836726188659668,96,0.04836726188659668,96
295,mazes/maze25x25_3_192.txt,0.015345096588134766,82,0.015969514846801758,82,0.015969514846801758,82,0.015969514846801758,82
296,mazes/maze25x25_3_191.txt,0.015131711959838867,59,0.0180966854095459,59,0.0180966854095459,59,0.0180966854095459,59
297,mazes/maze25x25_3_190.txt,0.09386301040649414,98,0.09253835678100586,98,0.09253835678100586,98,0.09253835678100586,98
298,mazes/maze25x25_3_19.txt,0.05540204048156738,106,0.07597708702087402,106,0.07597708702087402,106,0.07597708702087402,106
299,mazes/maze25x25_3_189.txt,0.02050948143005371,35,0.008028030395507812,35,0.008028030395507812,35,0.008028030395507812,35
300,mazes/maze25x25_3_188.txt,0.024048805236816406,87,0.023207902908325195,87,0.023207902908325195,87,0.023207902908325195,87
301,mazes/maze25x25_3_187.txt,0.4279365539550781,105,0.49092602729797363,105,0.49092602729797363,105,0.49092602729797363,105
302,mazes/maze25x25_3_186.txt,1.5990495681762695,67,2.8317155838012695,67,2.8317155838012695,67,2.8317155838012695,67
303,mazes/maze25x25_3_185.txt,0.009008169174194336,63,0.02017664909362793,63,0.02017664909362793,63,0.02017664909362793,63
304,mazes/maze25x25_3_184.txt,0.010076045989990234,68,0.010422945022583008,68,0.010422945022583008,68,0.010422945022583008,68
305,mazes/maze25x25_3_183.txt,0.04346156120300293,90,0.1728808879852295,90,0.1728808879852295,90,0.1728808879852295,90
306,mazes/maze25x25_3_182.txt,0.03873753547668457,103,0.09729242324829102,103,0.09729242324829102,103,0.09729242324829102,103
307,mazes/maze25x25_3_181.txt,0.03584647178649902,92,0.02762460708618164,92,0.02762460708618164,92,0.02762460708618164,92
308,mazes/maze25x25_3_180.txt,0.011841535568237305,72,0.011621475219726562,72,0.011621475219726562,72,0.011621475219726562,72
309,mazes/maze25x25_3_18.txt,0.17946434020996094,106,0.9001021385192871,106,0.9001021385192871,106,0.9001021385192871,106
310,mazes/maze25x25_3_179.txt,0.4033637046813965,69,0.9224944114685059,69,0.9224944114685059,69,0.9224944114685059,69
311,mazes/maze25x25_3_178.txt,0.03155159950256348,70,0.03426647186279297,70,0.03426647186279297,70,0.03426647186279297,70
312,mazes/maze25x25_3_177.txt,0.022744178771972656,92,0.029274463653564453,92,0.029274463653564453,92,0.029274463653564453,92
313,mazes/maze25x25_3_176.txt,0.03267478942871094,94,0.02092599868774414,94,0.02092599868774414,94,0.02092599868774414,94
314,mazes/maze25x25_3_175.txt,0.005344867706298828,40,0.005357503890991211,40,0.005357503890991211,40,0.005357503890991211,40
315,mazes/maze25x25_3_174.txt,0.020162582397460938,90,0.019821882247924805,90,0.019821882247924805,90,0.019821882247924805,90
316,mazes/maze25x25_3_173.txt,0.014650583267211914,63,0.025450706481933594,63,0.025450706481933594,63,0.025450706481933594,63
317,mazes/maze25x25_3_172.txt,296.97809052467346,126,60.80307173728943,False,122.22749471664429,False,300.5088210105896,126
318,mazes/maze25x25_3_171.txt,0.03522229194641113,81,0.048797607421875,81,0.048797607421875,81,0.048797607421875,81
319,mazes/maze25x25_3_170.txt,0.1716618537902832,94,0.3229503631591797,94,0.3229503631591797,94,0.3229503631591797,94
320,mazes/maze25x25_3_17.txt,0.01212310791015625,56,0.011541366577148438,56,0.011541366577148438,56,0.011541366577148438,56
321,mazes/maze25x25_3_169.txt,0.015252351760864258,63,0.015462636947631836,63,0.015462636947631836,63,0.015462636947631836,63
322,mazes/maze25x25_3_168.txt,1800.5499875545502,False,62.08832311630249,False,120.1459538936615,False,304.8702485561371,False
323,mazes/maze25x25_3_167.txt,0.04900312423706055,96,0.08038735389709473,96,0.08038735389709473,96,0.08038735389709473,96
324,mazes/maze25x25_3_166.txt,0.019905567169189453,73,0.06221151351928711,73,0.06221151351928711,73,0.06221151351928711,73
325,mazes/maze25x25_3_165.txt,0.1129770278930664,146,0.7775869369506836,146,0.7775869369506836,146,0.7775869369506836,146
326,mazes/maze25x25_3_164.txt,0.0457000732421875,105,0.03728294372558594,105,0.03728294372558594,105,0.03728294372558594,105
327,mazes/maze25x25_3_163.txt,0.01703357696533203,78,0.0171661376953125,78,0.0171661376953125,78,0.0171661376953125,78
328,mazes/maze25x25_3_162.txt,0.02013564109802246,113,0.03761100769042969,113,0.03761100769042969,113,0.03761100769042969,113
329,mazes/maze25x25_3_161.txt,0.018337249755859375,69,0.018686532974243164,69,0.018686532974243164,69,0.018686532974243164,69
330,mazes/maze25x25_3_160.txt,0.02817702293395996,101,0.0846400260925293,101,0.0846400260925293,101,0.0846400260925293,101
331,mazes/maze25x25_3_16.txt,0.053673505783081055,151,0.0777583122253418,151,0.0777583122253418,151,0.0777583122253418,151
332,mazes/maze25x25_3_159.txt,0.020216941833496094,82,0.052114248275756836,82,0.052114248275756836,82,0.052114248275756836,82
333,mazes/maze25x25_3_158.txt,0.012078523635864258,67,0.011868476867675781,67,0.011868476867675781,67,0.011868476867675781,67
334,mazes/maze25x25_3_157.txt,0.014045476913452148,62,0.029887914657592773,62,0.029887914657592773,62,0.029887914657592773,62
335,mazes/maze25x25_3_156.txt,0.016918659210205078,80,0.02925395965576172,80,0.02925395965576172,80,0.02925395965576172,80
336,mazes/maze25x25_3_155.txt,0.07879233360290527,113,0.33531832695007324,113,0.33531832695007324,113,0.33531832695007324,113
337,mazes/maze25x25_3_154.txt,0.055162906646728516,88,0.1501162052154541,88,0.1501162052154541,88,0.1501162052154541,88
338,mazes/maze25x25_3_153.txt,0.01934051513671875,70,0.030896425247192383,70,0.030896425247192383,70,0.030896425247192383,70
339,mazes/maze25x25_3_152.txt,0.011252880096435547,55,0.011147499084472656,55,0.011147499084472656,55,0.011147499084472656,55
340,mazes/maze25x25_3_151.txt,0.08319783210754395,141,0.11393332481384277,141,0.11393332481384277,141,0.11393332481384277,141
341,mazes/maze25x25_3_150.txt,0.04173088073730469,84,0.05704212188720703,84,0.05704212188720703,84,0.05704212188720703,84
342,mazes/maze25x25_3_15.txt,0.02172255516052246,74,0.08089566230773926,74,0.08089566230773926,74,0.08089566230773926,74
343,mazes/maze25x25_3_149.txt,0.02086162567138672,78,0.020131349563598633,78,0.020131349563598633,78,0.020131349563598633,78
344,mazes/maze25x25_3_148.txt,0.07730698585510254,60,0.16067886352539062,60,0.16067886352539062,60,0.16067886352539062,60
345,mazes/maze25x25_3_147.txt,0.022627830505371094,80,0.06274104118347168,80,0.06274104118347168,80,0.06274104118347168,80
346,mazes/maze25x25_3_146.txt,0.018442630767822266,81,0.01843404769897461,81,0.01843404769897461,81,0.01843404769897461,81
347,mazes/maze25x25_3_145.txt,0.04508161544799805,125,0.2919270992279053,125,0.2919270992279053,125,0.2919270992279053,125
348,mazes/maze25x25_3_144.txt,0.1370558738708496,90,0.6197605133056641,90,0.6197605133056641,90,0.6197605133056641,90
349,mazes/maze25x25_3_143.txt,0.043990373611450195,85,0.06164216995239258,85,0.06164216995239258,85,0.06164216995239258,85
350,mazes/maze25x25_3_142.txt,0.014895439147949219,86,0.014818668365478516,86,0.014818668365478516,86,0.014818668365478516,86
351,mazes/maze25x25_3_141.txt,0.013523340225219727,52,0.013550758361816406,52,0.013550758361816406,52,0.013550758361816406,52
352,mazes/maze25x25_3_140.txt,0.027444839477539062,66,0.015048027038574219,66,0.015048027038574219,66,0.015048027038574219,66
353,mazes/maze25x25_3_14.txt,0.006339550018310547,44,0.00641632080078125,44,0.00641632080078125,44,0.00641632080078125,44
354,mazes/maze25x25_3_139.txt,0.5912690162658691,56,1.4662911891937256,56,1.4662911891937256,56,1.4662911891937256,56
355,mazes/maze25x25_3_138.txt,0.03582143783569336,99,0.07572174072265625,99,0.07572174072265625,99,0.07572174072265625,99
356,mazes/maze25x25_3_137.txt,0.030840396881103516,49,0.09572887420654297,49,0.09572887420654297,49,0.09572887420654297,49
357,mazes/maze25x25_3_136.txt,0.0901939868927002,100,0.20914411544799805,100,0.20914411544799805,100,0.20914411544799805,100
358,mazes/maze25x25_3_135.txt,0.01862645149230957,78,0.018250703811645508,78,0.018250703811645508,78,0.018250703811645508,78
359,mazes/maze25x25_3_134.txt,0.02317023277282715,58,0.012129783630371094,58,0.012129783630371094,58,0.012129783630371094,58
360,mazes/maze25x25_3_133.txt,0.7811081409454346,107,2.941603660583496,107,2.941603660583496,107,2.941603660583496,107
361,mazes/maze25x25_3_132.txt,0.015967607498168945,64,0.019104480743408203,64,0.019104480743408203,64,0.019104480743408203,64
362,mazes/maze25x25_3_131.txt,0.05751633644104004,109,0.34450721740722656,109,0.34450721740722656,109,0.34450721740722656,109
363,mazes/maze25x25_3_130.txt,0.03216719627380371,84,0.13349366188049316,84,0.13349366188049316,84,0.13349366188049316,84
364,mazes/maze25x25_3_13.txt,0.04771709442138672,114,0.252255916595459,114,0.252255916595459,114,0.252255916595459,114
365,mazes/maze25x25_3_129.txt,0.007052183151245117,45,0.0072345733642578125,45,0.0072345733642578125,45,0.0072345733642578125,45
366,mazes/maze25x25_3_128.txt,0.012774944305419922,72,0.012551546096801758,72,0.012551546096801758,72,0.012551546096801758,72
367,mazes/maze25x25_3_127.txt,0.04017829895019531,87,0.11485171318054199,87,0.11485171318054199,87,0.11485171318054199,87
368,mazes/maze25x25_3_126.txt,0.047884464263916016,84,0.16080880165100098,84,0.16080880165100098,84,0.16080880165100098,84
369,mazes/maze25x25_3_125.txt,0.008348703384399414,56,0.0081939697265625,56,0.0081939697265625,56,0.0081939697265625,56
370,mazes/maze25x25_3_124.txt,0.08172082901000977,83,0.1619126796722412,83,0.1619126796722412,83,0.1619126796722412,83
371,mazes/maze25x25_3_123.txt,0.03995203971862793,78,0.10086321830749512,78,0.10086321830749512,78,0.10086321830749512,78
372,mazes/maze25x25_3_122.txt,10.366432666778564,73,12.704144954681396,73,12.704144954681396,73,12.704144954681396,73
373,mazes/maze25x25_3_121.txt,0.009697437286376953,42,0.009317636489868164,42,0.009317636489868164,42,0.009317636489868164,42
374,mazes/maze25x25_3_120.txt,0.03667569160461426,93,0.12164926528930664,93,0.12164926528930664,93,0.12164926528930664,93
375,mazes/maze25x25_3_12.txt,0.02656078338623047,89,0.039841651916503906,89,0.039841651916503906,89,0.039841651916503906,89
376,mazes/maze25x25_3_119.txt,0.037805795669555664,88,0.06192135810852051,88,0.06192135810852051,88,0.06192135810852051,88
377,mazes/maze25x25_3_118.txt,0.06172323226928711,114,0.06583476066589355,114,0.06583476066589355,114,0.06583476066589355,114
378,mazes/maze25x25_3_117.txt,0.054541826248168945,89,0.29146552085876465,89,0.29146552085876465,89,0.29146552085876465,89
379,mazes/maze25x25_3_116.txt,0.016095638275146484,71,0.028049230575561523,71,0.028049230575561523,71,0.028049230575561523,71
380,mazes/maze25x25_3_115.txt,0.017296552658081055,74,0.016794204711914062,74,0.016794204711914062,74,0.016794204711914062,74
381,mazes/maze25x25_3_114.txt,0.012683391571044922,70,0.01293325424194336,70,0.01293325424194336,70,0.01293325424194336,70
382,mazes/maze25x25_3_113.txt,0.01717972755432129,68,0.08920741081237793,68,0.08920741081237793,68,0.08920741081237793,68
383,mazes/maze25x25_3_112.txt,0.007050037384033203,44,0.007109165191650391,44,0.007109165191650391,44,0.007109165191650391,44
384,mazes/maze25x25_3_111.txt,0.10993146896362305,139,0.23137688636779785,139,0.23137688636779785,139,0.23137688636779785,139
385,mazes/maze25x25_3_110.txt,0.011118173599243164,60,0.011152029037475586,60,0.011152029037475586,60,0.011152029037475586,60
386,mazes/maze25x25_3_11.txt,0.016916275024414062,63,0.03914356231689453,63,0.03914356231689453,63,0.03914356231689453,63
387,mazes/maze25x25_3_109.txt,0.022820234298706055,78,0.029924392700195312,78,0.029924392700195312,78,0.029924392700195312,78
388,mazes/maze25x25_3_108.txt,0.019402265548706055,66,0.019116640090942383,66,0.019116640090942383,66,0.019116640090942383,66
389,mazes/maze25x25_3_107.txt,0.033116817474365234,75,0.044714927673339844,75,0.044714927673339844,75,0.044714927673339844,75
390,mazes/maze25x25_3_106.txt,0.019362688064575195,47,0.8617725372314453,47,0.8617725372314453,47,0.8617725372314453,47
391,mazes/maze25x25_3_105.txt,0.033266305923461914,78,0.12269759178161621,78,0.12269759178161621,78,0.12269759178161621,78
392,mazes/maze25x25_3_104.txt,0.04638671875,77,0.12005496025085449,77,0.12005496025085449,77,0.12005496025085449,77
393,mazes/maze25x25_3_103.txt,0.011739253997802734,55,0.01148366928100586,55,0.01148366928100586,55,0.01148366928100586,55
394,mazes/maze25x25_3_102.txt,0.03645205497741699,92,0.07648849487304688,92,0.07648849487304688,92,0.07648849487304688,92
395,mazes/maze25x25_3_101.txt,0.021086454391479492,82,0.0256807804107666,82,0.0256807804107666,82,0.0256807804107666,82
396,mazes/maze25x25_3_100.txt,0.08691525459289551,101,0.14014410972595215,101,0.14014410972595215,101,0.14014410972595215,101
397,mazes/maze25x25_3_10.txt,0.015960693359375,77,0.015746593475341797,77,0.015746593475341797,77,0.015746593475341797,77
398,mazes/maze25x25_3_1.txt,0.04527640342712402,99,0.16575026512145996,99,0.16575026512145996,99,0.16575026512145996,99
399,mazes/maze25x25_3_0.txt,0.022471189498901367,100,0.022025346755981445,100,0.022025346755981445,100,0.022025346755981445,100
400,mazes/maze12x12_3_99.txt,0.0027604103088378906,23,0.002646923065185547,23,0.002646923065185547,23,0.002646923065185547,23
401,mazes/maze12x12_3_98.txt,0.007754325866699219,41,0.01210641860961914,41,0.01210641860961914,41,0.01210641860961914,41
402,mazes/maze12x12_3_97.txt,0.0045626163482666016,22,0.011237382888793945,22,0.011237382888793945,22,0.011237382888793945,22
403,mazes/maze12x12_3_96.txt,0.0037729740142822266,33,0.0037925243377685547,33,0.0037925243377685547,33,0.0037925243377685547,33
404,mazes/maze12x12_3_95.txt,0.007563591003417969,34,0.024722814559936523,34,0.024722814559936523,34,0.024722814559936523,34
405,mazes/maze12x12_3_94.txt,0.02637791633605957,40,0.0838623046875,40,0.0838623046875,40,0.0838623046875,40
406,mazes/maze12x12_3_93.txt,0.014696836471557617,41,0.07440590858459473,41,0.07440590858459473,41,0.07440590858459473,41
407,mazes/maze12x12_3_92.txt,0.046649932861328125,56,0.04592275619506836,56,0.04592275619506836,56,0.04592275619506836,56
408,mazes/maze12x12_3_91.txt,0.0035483837127685547,26,0.0028696060180664062,26,0.0028696060180664062,26,0.0028696060180664062,26
409,mazes/maze12x12_3_90.txt,0.11770057678222656,33,0.20572733879089355,33,0.20572733879089355,33,0.20572733879089355,33
410,mazes/maze12x12_3_9.txt,0.43459463119506836,45,0.742595911026001,45,0.742595911026001,45,0.742595911026001,45
411,mazes/maze12x12_3_89.txt,0.9542057514190674,39,17.23453664779663,39,17.23453664779663,39,17.23453664779663,39
412,mazes/maze12x12_3_88.txt,0.004068613052368164,34,0.003744840621948242,34,0.003744840621948242,34,0.003744840621948242,34
413,mazes/maze12x12_3_87.txt,0.002663850784301758,19,0.0037081241607666016,19,0.0037081241607666016,19,0.0037081241607666016,19
414,mazes/maze12x12_3_86.txt,0.002195119857788086,22,0.0021071434020996094,22,0.0021071434020996094,22,0.0021071434020996094,22
415,mazes/maze12x12_3_85.txt,0.0043277740478515625,28,0.004884481430053711,28,0.004884481430053711,28,0.004884481430053711,28
416,mazes/maze12x12_3_84.txt,0.008159637451171875,19,0.04351925849914551,19,0.04351925849914551,19,0.04351925849914551,19
417,mazes/maze12x12_3_83.txt,0.01056671142578125,51,0.018684864044189453,51,0.018684864044189453,51,0.018684864044189453,51
418,mazes/maze12x12_3_82.txt,0.01295161247253418,21,0.1109156608581543,21,0.1109156608581543,21,0.1109156608581543,21
419,mazes/maze12x12_3_81.txt,0.004353761672973633,37,0.005784511566162109,37,0.005784511566162109,37,0.005784511566162109,37
420,mazes/maze12x12_3_80.txt,0.02651238441467285,34,0.03137660026550293,34,0.03137660026550293,34,0.03137660026550293,34
421,mazes/maze12x12_3_8.txt,0.03059530258178711,48,0.04133200645446777,48,0.04133200645446777,48,0.04133200645446777,48
422,mazes/maze12x12_3_79.txt,0.003504514694213867,36,0.0034596920013427734,36,0.0034596920013427734,36,0.0034596920013427734,36
423,mazes/maze12x12_3_78.txt,0.023231029510498047,30,0.08923220634460449,30,0.08923220634460449,30,0.08923220634460449,30
424,mazes/maze12x12_3_77.txt,0.0022857189178466797,18,0.0022077560424804688,18,0.0022077560424804688,18,0.0022077560424804688,18
425,mazes/maze12x12_3_76.txt,0.011461496353149414,30,0.02257370948791504,30,0.02257370948791504,30,0.02257370948791504,30
426,mazes/maze12x12_3_75.txt,0.016258955001831055,24,0.01136469841003418,24,0.01136469841003418,24,0.01136469841003418,24
427,mazes/maze12x12_3_74.txt,0.007213592529296875,34,0.026453018188476562,34,0.026453018188476562,34,0.026453018188476562,34
428,mazes/maze12x12_3_73.txt,0.0019311904907226562,12,0.0019268989562988281,12,0.0019268989562988281,12,0.0019268989562988281,12
429,mazes/maze12x12_3_72.txt,0.03962898254394531,61,0.10876107215881348,61,0.10876107215881348,61,0.10876107215881348,61
430,mazes/maze12x12_3_71.txt,0.010180473327636719,29,0.017747879028320312,29,0.017747879028320312,29,0.017747879028320312,29
431,mazes/maze12x12_3_70.txt,0.008949518203735352,55,0.028795242309570312,55,0.028795242309570312,55,0.028795242309570312,55
432,mazes/maze12x12_3_7.txt,0.006279468536376953,19,0.15446043014526367,19,0.15446043014526367,19,0.15446043014526367,19
433,mazes/maze12x12_3_69.txt,0.011964082717895508,24,0.03392815589904785,24,0.03392815589904785,24,0.03392815589904785,24
434,mazes/maze12x12_3_68.txt,0.03467130661010742,46,0.036713361740112305,46,0.036713361740112305,46,0.036713361740112305,46
435,mazes/maze12x12_3_67.txt,0.004078865051269531,34,0.0037474632263183594,34,0.0037474632263183594,34,0.0037474632263183594,34
436,mazes/maze12x12_3_66.txt,0.0023992061614990234,22,0.0023038387298583984,22,0.0023038387298583984,22,0.0023038387298583984,22
437,mazes/maze12x12_3_65.txt,0.06397891044616699,39,6.402743101119995,39,6.402743101119995,39,6.402743101119995,39
438,mazes/maze12x12_3_64.txt,288.0502710342407,82,60.067590951919556,82,120.02787113189697,82,261.24525022506714,82
439,mazes/maze12x12_3_63.txt,0.13037729263305664,75,0.18460965156555176,75,0.18460965156555176,75,0.18460965156555176,75
440,mazes/maze12x12_3_62.txt,0.004457712173461914,24,0.00704193115234375,24,0.00704193115234375,24,0.00704193115234375,24
441,mazes/maze12x12_3_61.txt,0.009550809860229492,32,0.04680943489074707,32,0.04680943489074707,32,0.04680943489074707,32
442,mazes/maze12x12_3_60.txt,0.0024461746215820312,14,0.010858535766601562,14,0.010858535766601562,14,0.010858535766601562,14
443,mazes/maze12x12_3_6.txt,0.00411677360534668,27,0.009219884872436523,27,0.009219884872436523,27,0.009219884872436523,27
444,mazes/maze12x12_3_59.txt,0.003978252410888672,43,0.003866434097290039,43,0.003866434097290039,43,0.003866434097290039,43
445,mazes/maze12x12_3_58.txt,0.007213592529296875,36,0.024130821228027344,36,0.024130821228027344,36,0.024130821228027344,36
446,mazes/maze12x12_3_57.txt,0.006701231002807617,30,0.018764972686767578,30,0.018764972686767578,30,0.018764972686767578,30
447,mazes/maze12x12_3_56.txt,0.0022559165954589844,20,0.0023009777069091797,20,0.0023009777069091797,20,0.0023009777069091797,20
448,mazes/maze12x12_3_55.txt,0.04437518119812012,39,0.1020820140838623,39,0.1020820140838623,39,0.1020820140838623,39
449,mazes/maze12x12_3_54.txt,0.002742290496826172,25,0.002642393112182617,25,0.002642393112182617,25,0.002642393112182617,25
450,mazes/maze12x12_3_53.txt,0.0937955379486084,56,10.464138746261597,56,10.464138746261597,56,10.464138746261597,56
451,mazes/maze12x12_3_52.txt,0.005175352096557617,25,0.054065704345703125,25,0.054065704345703125,25,0.054065704345703125,25
452,mazes/maze12x12_3_51.txt,0.005663871765136719,29,0.05741477012634277,29,0.05741477012634277,29,0.05741477012634277,29
453,mazes/maze12x12_3_50.txt,0.004277467727661133,43,0.004278898239135742,43,0.004278898239135742,43,0.004278898239135742,43
454,mazes/maze12x12_3_5.txt,0.0036163330078125,26,0.004252195358276367,26,0.004252195358276367,26,0.004252195358276367,26
455,mazes/maze12x12_3_49.txt,0.004899263381958008,20,0.004259586334228516,20,0.004259586334228516,20,0.004259586334228516,20
456,mazes/maze12x12_3_48.txt,0.00901341438293457,55,0.019493579864501953,55,0.019493579864501953,55,0.019493579864501953,55
457,mazes/maze12x12_3_47.txt,0.0028192996978759766,25,0.002640962600708008,25,0.002640962600708008,25,0.002640962600708008,25
458,mazes/maze12x12_3_46.txt,0.003867626190185547,20,0.0069124698638916016,20,0.0069124698638916016,20,0.0069124698638916016,20
459,mazes/maze12x12_3_45.txt,0.23426294326782227,36,0.6454589366912842,36,0.6454589366912842,36,0.6454589366912842,36
460,mazes/maze12x12_3_44.txt,0.002374410629272461,16,0.002241849899291992,16,0.002241849899291992,16,0.002241849899291992,16
461,mazes/maze12x12_3_43.txt,0.0023894309997558594,23,0.002313852310180664,23,0.002313852310180664,23,0.002313852310180664,23
462,mazes/maze12x12_3_42.txt,0.02807927131652832,49,0.06633210182189941,49,0.06633210182189941,49,0.06633210182189941,49
463,mazes/maze12x12_3_41.txt,0.0028824806213378906,28,0.002588987350463867,28,0.002588987350463867,28,0.002588987350463867,28
464,mazes/maze12x12_3_40.txt,0.004411220550537109,42,0.007495403289794922,42,0.007495403289794922,42,0.007495403289794922,42
465,mazes/maze12x12_3_4.txt,0.09077692031860352,50,0.2278902530670166,50,0.2278902530670166,50,0.2278902530670166,50
466,mazes/maze12x12_3_39.txt,0.001971006393432617,12,0.0019278526306152344,12,0.0019278526306152344,12,0.0019278526306152344,12
467,mazes/maze12x12_3_38.txt,0.30883097648620605,39,3.734006404876709,39,3.734006404876709,39,3.734006404876709,39
468,mazes/maze12x12_3_37.txt,0.0022792816162109375,17,0.002141237258911133,17,0.002141237258911133,17,0.002141237258911133,17
469,mazes/maze12x12_3_36.txt,0.13466954231262207,32,1.4643948078155518,32,1.4643948078155518,32,1.4643948078155518,32
470,mazes/maze12x12_3_35.txt,0.2974538803100586,49,0.8087608814239502,49,0.8087608814239502,49,0.8087608814239502,49
471,mazes/maze12x12_3_34.txt,0.004496335983276367,36,0.007046222686767578,36,0.007046222686767578,36,0.007046222686767578,36
472,mazes/maze12x12_3_33.txt,0.010265111923217773,41,0.04201650619506836,41,0.04201650619506836,41,0.04201650619506836,41
473,mazes/maze12x12_3_32.txt,0.05427837371826172,46,0.07662367820739746,46,0.07662367820739746,46,0.07662367820739746,46
474,mazes/maze12x12_3_31.txt,0.003717184066772461,25,0.0030336380004882812,25,0.0030336380004882812,25,0.0030336380004882812,25
475,mazes/maze12x12_3_30.txt,0.0028276443481445312,24,0.0025250911712646484,24,0.0025250911712646484,24,0.0025250911712646484,24
476,mazes/maze12x12_3_3.txt,0.03412961959838867,37,0.04975581169128418,37,0.04975581169128418,37,0.04975581169128418,37
477,mazes/maze12x12_3_29.txt,0.008803844451904297,51,0.01414036750793457,51,0.01414036750793457,51,0.01414036750793457,51
478,mazes/maze12x12_3_28.txt,0.004158973693847656,27,0.02082228660583496,27,0.02082228660583496,27,0.02082228660583496,27
479,mazes/maze12x12_3_27.txt,0.1496424674987793,52,0.14448142051696777,52,0.14448142051696777,52,0.14448142051696777,52
480,mazes/maze12x12_3_26.txt,0.00981283187866211,30,0.013500452041625977,30,0.013500452041625977,30,0.013500452041625977,30
481,mazes/maze12x12_3_25.txt,0.0075719356536865234,32,0.037143707275390625,32,0.037143707275390625,32,0.037143707275390625,32
482,mazes/maze12x12_3_24.txt,0.0037686824798583984,25,0.003493785858154297,25,0.003493785858154297,25,0.003493785858154297,25
483,mazes/maze12x12_3_23.txt,1.6153192520141602,49,2.260934829711914,49,2.260934829711914,49,2.260934829711914,49
484,mazes/maze12x12_3_22.txt,0.007930517196655273,42,0.03634190559387207,42,0.03634190559387207,42,0.03634190559387207,42
485,mazes/maze12x12_3_21.txt,0.05071568489074707,23,0.0537419319152832,23,0.0537419319152832,23,0.0537419319152832,23
486,mazes/maze12x12_3_20.txt,0.11587882041931152,40,4.485650539398193,40,4.485650539398193,40,4.485650539398193,40
487,mazes/maze12x12_3_2.txt,0.012866735458374023,28,0.028863191604614258,28,0.028863191604614258,28,0.028863191604614258,28
488,mazes/maze12x12_3_199.txt,0.002567291259765625,25,0.002320528030395508,25,0.002320528030395508,25,0.002320528030395508,25
489,mazes/maze12x12_3_198.txt,0.0023467540740966797,19,0.002226591110229492,19,0.002226591110229492,19,0.002226591110229492,19
490,mazes/maze12x12_3_197.txt,0.0034575462341308594,30,0.003535747528076172,30,0.003535747528076172,30,0.003535747528076172,30
491,mazes/maze12x12_3_196.txt,2.194661855697632,59,4.231338024139404,59,4.231338024139404,59,4.231338024139404,59
492,mazes/maze12x12_3_195.txt,1.7950129508972168,43,17.94711422920227,43,17.94711422920227,43,17.94711422920227,43
493,mazes/maze12x12_3_194.txt,0.0042574405670166016,28,0.00850820541381836,28,0.00850820541381836,28,0.00850820541381836,28
494,mazes/maze12x12_3_193.txt,0.008075952529907227,60,0.03934144973754883,60,0.03934144973754883,60,0.03934144973754883,60
495,mazes/maze12x12_3_192.txt,0.006896495819091797,30,0.012171506881713867,30,0.012171506881713867,30,0.012171506881713867,30
496,mazes/maze12x12_3_191.txt,0.06394076347351074,32,0.10393190383911133,32,0.10393190383911133,32,0.10393190383911133,32
497,mazes/maze12x12_3_190.txt,0.016747713088989258,35,0.22921466827392578,35,0.22921466827392578,35,0.22921466827392578,35
498,mazes/maze12x12_3_19.txt,0.005313873291015625,23,0.010953664779663086,23,0.010953664779663086,23,0.010953664779663086,23
499,mazes/maze12x12_3_189.txt,0.43331027030944824,49,4.339587450027466,49,4.339587450027466,49,4.339587450027466,49
500,mazes/maze12x12_3_188.txt,0.0052106380462646484,33,0.011312723159790039,33,0.011312723159790039,33,0.011312723159790039,33
501,mazes/maze12x12_3_187.txt,0.0062713623046875,26,0.011099815368652344,26,0.011099815368652344,26,0.011099815368652344,26
502,mazes/maze12x12_3_186.txt,0.0074656009674072266,35,0.042295217514038086,35,0.042295217514038086,35,0.042295217514038086,35
503,mazes/maze12x12_3_185.txt,0.004538774490356445,31,0.0055081844329833984,31,0.0055081844329833984,31,0.0055081844329833984,31
504,mazes/maze12x12_3_184.txt,0.020998001098632812,35,0.05508685111999512,35,0.05508685111999512,35,0.05508685111999512,35
505,mazes/maze12x12_3_183.txt,0.00304412841796875,29,0.0030565261840820312,29,0.0030565261840820312,29,0.0030565261840820312,29
506,mazes/maze12x12_3_182.txt,0.13866209983825684,49,0.24702715873718262,49,0.24702715873718262,49,0.24702715873718262,49
507,mazes/maze12x12_3_181.txt,0.022002220153808594,33,0.025536060333251953,33,0.025536060333251953,33,0.025536060333251953,33
508,mazes/maze12x12_3_180.txt,0.029207706451416016,38,0.21160507202148438,38,0.21160507202148438,38,0.21160507202148438,38
509,mazes/maze12x12_3_18.txt,0.003060579299926758,20,0.008997917175292969,20,0.008997917175292969,20,0.008997917175292969,20
510,mazes/maze12x12_3_179.txt,0.009421825408935547,35,0.03261995315551758,35,0.03261995315551758,35,0.03261995315551758,35
511,mazes/maze12x12_3_178.txt,0.011269807815551758,37,0.11956143379211426,37,0.11956143379211426,37,0.11956143379211426,37
512,mazes/maze12x12_3_177.txt,0.00634002685546875,29,0.0112457275390625,29,0.0112457275390625,29,0.0112457275390625,29
513,mazes/maze12x12_3_176.txt,0.011593103408813477,24,0.01595902442932129,24,0.01595902442932129,24,0.01595902442932129,24
514,mazes/maze12x12_3_175.txt,0.0025391578674316406,23,0.0025293827056884766,23,0.0025293827056884766,23,0.0025293827056884766,23
515,mazes/maze12x12_3_174.txt,0.7285313606262207,56,1.0643584728240967,56,1.0643584728240967,56,1.0643584728240967,56
516,mazes/maze12x12_3_173.txt,0.004372835159301758,38,0.0042803287506103516,38,0.0042803287506103516,38,0.0042803287506103516,38
517,mazes/maze12x12_3_172.txt,0.011495113372802734,41,0.023307085037231445,41,0.023307085037231445,41,0.023307085037231445,41
518,mazes/maze12x12_3_171.txt,0.0038824081420898438,35,0.005785465240478516,35,0.005785465240478516,35,0.005785465240478516,35
519,mazes/maze12x12_3_170.txt,0.003903627395629883,37,0.003759622573852539,37,0.003759622573852539,37,0.003759622573852539,37
520,mazes/maze12x12_3_17.txt,0.007622957229614258,30,0.014755487442016602,30,0.014755487442016602,30,0.014755487442016602,30
521,mazes/maze12x12_3_169.txt,0.010122299194335938,41,0.05941057205200195,41,0.05941057205200195,41,0.05941057205200195,41
522,mazes/maze12x12_3_168.txt,0.005177736282348633,39,0.00636601448059082,39,0.00636601448059082,39,0.00636601448059082,39
523,mazes/maze12x12_3_167.txt,0.24468541145324707,36,0.5305435657501221,36,0.5305435657501221,36,0.5305435657501221,36
524,mazes/maze12x12_3_166.txt,0.0030798912048339844,20,0.004702568054199219,20,0.004702568054199219,20,0.004702568054199219,20
525,mazes/maze12x12_3_165.txt,0.003705739974975586,27,0.013797998428344727,27,0.013797998428344727,27,0.013797998428344727,27
526,mazes/maze12x12_3_164.txt,0.01078486442565918,31,0.0254361629486084,31,0.0254361629486084,31,0.0254361629486084,31
527,mazes/maze12x12_3_163.txt,0.0024988651275634766,21,0.002394437789916992,21,0.002394437789916992,21,0.002394437789916992,21
528,mazes/maze12x12_3_162.txt,0.018011808395385742,39,0.046976327896118164,39,0.046976327896118164,39,0.046976327896118164,39
529,mazes/maze12x12_3_161.txt,0.04075908660888672,28,0.27435755729675293,28,0.27435755729675293,28,0.27435755729675293,28
530,mazes/maze12x12_3_160.txt,0.0392153263092041,33,0.05681633949279785,33,0.05681633949279785,33,0.05681633949279785,33
531,mazes/maze12x12_3_16.txt,0.03517460823059082,46,0.06886005401611328,46,0.06886005401611328,46,0.06886005401611328,46
532,mazes/maze12x12_3_159.txt,0.019162893295288086,25,0.045556068420410156,25,0.045556068420410156,25,0.045556068420410156,25
533,mazes/maze12x12_3_158.txt,0.007004976272583008,39,0.0346987247467041,39,0.0346987247467041,39,0.0346987247467041,39
534,mazes/maze12x12_3_157.txt,0.003631591796875,28,0.0033271312713623047,28,0.0033271312713623047,28,0.0033271312713623047,28
535,mazes/maze12x12_3_156.txt,0.0033121109008789062,29,0.0032765865325927734,29,0.0032765865325927734,29,0.0032765865325927734,29
536,mazes/maze12x12_3_155.txt,0.0029616355895996094,27,0.002742767333984375,27,0.002742767333984375,27,0.002742767333984375,27
537,mazes/maze12x12_3_154.txt,0.004003286361694336,32,0.0059549808502197266,32,0.0059549808502197266,32,0.0059549808502197266,32
538,mazes/maze12x12_3_153.txt,0.0267331600189209,33,0.07908010482788086,33,0.07908010482788086,33,0.07908010482788086,33
539,mazes/maze12x12_3_152.txt,0.25354886054992676,36,0.525437593460083,36,0.525437593460083,36,0.525437593460083,36
540,mazes/maze12x12_3_151.txt,0.002574443817138672,19,0.0023899078369140625,19,0.0023899078369140625,19,0.0023899078369140625,19
541,mazes/maze12x12_3_150.txt,0.18886327743530273,42,17.890252351760864,42,17.890252351760864,42,17.890252351760864,42
542,mazes/maze12x12_3_15.txt,0.003708362579345703,34,0.00360870361328125,34,0.00360870361328125,34,0.00360870361328125,34
543,mazes/maze12x12_3_149.txt,0.5235364437103271,41,0.9906418323516846,41,0.9906418323516846,41,0.9906418323516846,41
544,mazes/maze12x12_3_148.txt,0.004231929779052734,21,0.0068662166595458984,21,0.0068662166595458984,21,0.0068662166595458984,21
545,mazes/maze12x12_3_147.txt,0.036948442459106445,41,0.4029693603515625,41,0.4029693603515625,41,0.4029693603515625,41
546,mazes/maze12x12_3_146.txt,0.0037946701049804688,35,0.0037505626678466797,35,0.0037505626678466797,35,0.0037505626678466797,35
547,mazes/maze12x12_3_145.txt,0.003366231918334961,35,0.0032982826232910156,35,0.0032982826232910156,35,0.0032982826232910156,35
548,mazes/maze12x12_3_144.txt,0.002213001251220703,17,0.002333402633666992,17,0.002333402633666992,17,0.002333402633666992,17
549,mazes/maze12x12_3_143.txt,0.00897526741027832,24,0.018729448318481445,24,0.018729448318481445,24,0.018729448318481445,24
550,mazes/maze12x12_3_142.txt,0.04403257369995117,49,0.059685707092285156,49,0.059685707092285156,49,0.059685707092285156,49
551,mazes/maze12x12_3_141.txt,0.019543170928955078,32,0.037810564041137695,32,0.037810564041137695,32,0.037810564041137695,32
552,mazes/maze12x12_3_140.txt,0.002051115036010742,17,0.001961231231689453,17,0.001961231231689453,17,0.001961231231689453,17
553,mazes/maze12x12_3_14.txt,0.006251335144042969,34,0.011448383331298828,34,0.011448383331298828,34,0.011448383331298828,34
554,mazes/maze12x12_3_139.txt,0.009163618087768555,34,0.027193307876586914,34,0.027193307876586914,34,0.027193307876586914,34
555,mazes/maze12x12_3_138.txt,0.0032334327697753906,27,0.004605770111083984,27,0.004605770111083984,27,0.004605770111083984,27
556,mazes/maze12x12_3_137.txt,0.10669970512390137,47,0.24721765518188477,47,0.24721765518188477,47,0.24721765518188477,47
557,mazes/maze12x12_3_136.txt,0.0047092437744140625,31,0.005586385726928711,31,0.005586385726928711,31,0.005586385726928711,31
558,mazes/maze12x12_3_135.txt,0.0038115978240966797,27,0.003454923629760742,27,0.003454923629760742,27,0.003454923629760742,27
559,mazes/maze12x12_3_134.txt,0.3993659019470215,52,36.258973360061646,52,36.258973360061646,52,36.258973360061646,52
560,mazes/maze12x12_3_133.txt,0.007016658782958984,28,0.010524988174438477,28,0.010524988174438477,28,0.010524988174438477,28
561,mazes/maze12x12_3_132.txt,0.007207155227661133,37,0.029248714447021484,37,0.029248714447021484,37,0.029248714447021484,37
562,mazes/maze12x12_3_131.txt,0.0028972625732421875,24,0.0026786327362060547,24,0.0026786327362060547,24,0.0026786327362060547,24
563,mazes/maze12x12_3_130.txt,0.009647846221923828,34,0.017903804779052734,34,0.017903804779052734,34,0.017903804779052734,34
564,mazes/maze12x12_3_13.txt,0.0037469863891601562,22,0.0024268627166748047,22,0.0024268627166748047,22,0.0024268627166748047,22
565,mazes/maze12x12_3_129.txt,0.006011009216308594,40,0.029825210571289062,40,0.029825210571289062,40,0.029825210571289062,40
566,mazes/maze12x12_3_128.txt,0.013725996017456055,44,0.02804708480834961,44,0.02804708480834961,44,0.02804708480834961,44
567,mazes/maze12x12_3_127.txt,2.6902918815612793,62,4.075516700744629,62,4.075516700744629,62,4.075516700744629,62
568,mazes/maze12x12_3_126.txt,0.0039310455322265625,35,0.0036220550537109375,35,0.0036220550537109375,35,0.0036220550537109375,35
569,mazes/maze12x12_3_125.txt,0.01668381690979004,46,0.04199409484863281,46,0.04199409484863281,46,0.04199409484863281,46
570,mazes/maze12x12_3_124.txt,0.014790058135986328,46,0.045903682708740234,46,0.045903682708740234,46,0.045903682708740234,46
571,mazes/maze12x12_3_123.txt,0.0021581649780273438,19,0.002099275588989258,19,0.002099275588989258,19,0.002099275588989258,19
572,mazes/maze12x12_3_122.txt,0.004729270935058594,42,0.006623029708862305,42,0.006623029708862305,42,0.006623029708862305,42
573,mazes/maze12x12_3_121.txt,0.044754981994628906,40,0.1316087245941162,40,0.1316087245941162,40,0.1316087245941162,40
574,mazes/maze12x12_3_120.txt,0.2071542739868164,34,2.476065158843994,34,2.476065158843994,34,2.476065158843994,34
575,mazes/maze12x12_3_12.txt,0.08698320388793945,32,0.48311591148376465,32,0.48311591148376465,32,0.48311591148376465,32
576,mazes/maze12x12_3_119.txt,0.07601118087768555,44,0.6402382850646973,44,0.6402382850646973,44,0.6402382850646973,44
577,mazes/maze12x12_3_118.txt,0.0024046897888183594,15,0.002088785171508789,15,0.002088785171508789,15,0.002088785171508789,15
578,mazes/maze12x12_3_117.txt,0.0034668445587158203,30,0.00354766845703125,30,0.00354766845703125,30,0.00354766845703125,30
579,mazes/maze12x12_3_116.txt,0.0057981014251708984,28,0.00943303108215332,28,0.00943303108215332,28,0.00943303108215332,28
580,mazes/maze12x12_3_115.txt,0.06777834892272949,42,0.1628718376159668,42,0.1628718376159668,42,0.1628718376159668,42
581,mazes/maze12x12_3_114.txt,0.005827903747558594,55,0.005749702453613281,55,0.005749702453613281,55,0.005749702453613281,55
582,mazes/maze12x12_3_113.txt,0.4508788585662842,47,44.74829936027527,47,44.74829936027527,47,44.74829936027527,47
583,mazes/maze12x12_3_112.txt,0.16105413436889648,50,4.593434810638428,50,4.593434810638428,50,4.593434810638428,50
584,mazes/maze12x12_3_111.txt,0.021348953247070312,36,0.05194354057312012,36,0.05194354057312012,36,0.05194354057312012,36
585,mazes/maze12x12_3_110.txt,0.004082202911376953,36,0.003976583480834961,36,0.003976583480834961,36,0.003976583480834961,36
586,mazes/maze12x12_3_11.txt,0.10064506530761719,34,0.2514071464538574,34,0.2514071464538574,34,0.2514071464538574,34
587,mazes/maze12x12_3_109.txt,3.3517866134643555,56,3.547551393508911,56,3.547551393508911,56,3.547551393508911,56
588,mazes/maze12x12_3_108.txt,0.025165319442749023,37,0.05182909965515137,37,0.05182909965515137,37,0.05182909965515137,37
589,mazes/maze12x12_3_107.txt,0.003665924072265625,30,0.0036568641662597656,30,0.0036568641662597656,30,0.0036568641662597656,30
590,mazes/maze12x12_3_106.txt,0.01014256477355957,31,0.012878894805908203,31,0.012878894805908203,31,0.012878894805908203,31
591,mazes/maze12x12_3_105.txt,0.005144357681274414,41,0.007093906402587891,41,0.007093906402587891,41,0.007093906402587891,41
592,mazes/maze12x12_3_104.txt,0.09396767616271973,43,7.717811107635498,43,7.717811107635498,43,7.717811107635498,43
593,mazes/maze12x12_3_103.txt,0.003892183303833008,39,0.0036559104919433594,39,0.0036559104919433594,39,0.0036559104919433594,39
594,mazes/maze12x12_3_102.txt,0.008873701095581055,33,0.013856649398803711,33,0.013856649398803711,33,0.013856649398803711,33
595,mazes/maze12x12_3_101.txt,0.02645730972290039,48,0.038073062896728516,48,0.038073062896728516,48,0.038073062896728516,48
596,mazes/maze12x12_3_100.txt,0.00515294075012207,26,0.014595508575439453,26,0.014595508575439453,26,0.014595508575439453,26
597,mazes/maze12x12_3_10.txt,0.003758668899536133,35,0.0037848949432373047,35,0.0037848949432373047,35,0.0037848949432373047,35
598,mazes/maze12x12_3_1.txt,0.0075168609619140625,31,0.02241802215576172,31,0.02241802215576172,31,0.02241802215576172,31
599,mazes/maze12x12_3_0.txt,0.006498813629150391,31,0.011633157730102539,31,0.011633157730102539,31,0.011633157730102539,31
600,mazes/maze100x100_3_99.txt,3.4378864765167236,509,7.860956907272339,509,7.860956907272339,509,7.860956907272339,509
601,mazes/maze100x100_3_98.txt,3.082111120223999,452,5.197916746139526,452,5.197916746139526,452,5.197916746139526,452
602,mazes/maze100x100_3_97.txt,2.127737045288086,392,9.179729461669922,392,9.179729461669922,392,9.179729461669922,392
603,mazes/maze100x100_3_96.txt,0.1959376335144043,193,0.19212841987609863,193,0.19212841987609863,193,0.19212841987609863,193
604,mazes/maze100x100_3_95.txt,2.8543267250061035,445,3.236079216003418,445,3.236079216003418,445,3.236079216003418,445
605,mazes/maze100x100_3_94.txt,1.110877513885498,398,1.2766857147216797,398,1.2766857147216797,398,1.2766857147216797,398
606,mazes/maze100x100_3_93.txt,2.4358041286468506,316,2.392172336578369,316,2.392172336578369,316,2.392172336578369,316
607,mazes/maze100x100_3_92.txt,1.210571050643921,296,1.2924604415893555,296,1.2924604415893555,296,1.2924604415893555,296
608,mazes/maze100x100_3_91.txt,0.5565474033355713,190,0.574688196182251,190,0.574688196182251,190,0.574688196182251,190
609,mazes/maze100x100_3_90.txt,5.6797966957092285,612,9.108355522155762,612,9.108355522155762,612,9.108355522155762,612
610,mazes/maze100x100_3_9.txt,1.6807482242584229,356,1.7863588333129883,356,1.7863588333129883,356,1.7863588333129883,356
611,mazes/maze100x100_3_89.txt,3.773630142211914,487,5.846641778945923,487,5.846641778945923,487,5.846641778945923,487
612,mazes/maze100x100_3_88.txt,0.9717166423797607,311,1.1213266849517822,311,1.1213266849517822,311,1.1213266849517822,311
613,mazes/maze100x100_3_87.txt,0.6987929344177246,244,0.7312226295471191,244,0.7312226295471191,244,0.7312226295471191,244
614,mazes/maze100x100_3_86.txt,1.0105268955230713,364,0.8850498199462891,364,0.8850498199462891,364,0.8850498199462891,364
615,mazes/maze100x100_3_85.txt,2.063519239425659,336,1.9841890335083008,336,1.9841890335083008,336,1.9841890335083008,336
616,mazes/maze100x100_3_84.txt,0.47553563117980957,190,2.4888956546783447,190,2.4888956546783447,190,2.4888956546783447,190
617,mazes/maze100x100_3_83.txt,0.4584228992462158,203,0.5217666625976562,203,0.5217666625976562,203,0.5217666625976562,203
618,mazes/maze100x100_3_82.txt,1.4109587669372559,241,1.268937587738037,241,1.268937587738037,241,1.268937587738037,241
619,mazes/maze100x100_3_81.txt,1.7020165920257568,351,1.634887456893921,351,1.634887456893921,351,1.634887456893921,351
620,mazes/maze100x100_3_80.txt,7.800731658935547,338,22.810945987701416,338,22.810945987701416,338,22.810945987701416,338
621,mazes/maze100x100_3_8.txt,1.0634498596191406,324,5.152731418609619,324,5.152731418609619,324,5.152731418609619,324
622,mazes/maze100x100_3_79.txt,1.2333498001098633,369,1.403479814529419,369,1.403479814529419,369,1.403479814529419,369
623,mazes/maze100x100_3_78.txt,2.1724355220794678,376,2.9189059734344482,376,2.9189059734344482,376,2.9189059734344482,376
624,mazes/maze100x100_3_77.txt,5.937908887863159,650,9.0112144947052,650,9.0112144947052,650,9.0112144947052,650
625,mazes/maze100x100_3_76.txt,0.844832181930542,312,1.1826317310333252,312,1.1826317310333252,312,1.1826317310333252,312
626,mazes/maze100x100_3_75.txt,1.8455564975738525,381,2.020334243774414,381,2.020334243774414,381,2.020334243774414,381
627,mazes/maze100x100_3_74.txt,2.856027603149414,405,3.2207822799682617,405,3.2207822799682617,405,3.2207822799682617,405
628,mazes/maze100x100_3_73.txt,1.0590860843658447,268,14.35401701927185,268,14.35401701927185,268,14.35401701927185,268
629,mazes/maze100x100_3_72.txt,0.3361935615539551,270,0.33684515953063965,270,0.33684515953063965,270,0.33684515953063965,270
630,mazes/maze100x100_3_71.txt,2.3138692378997803,398,3.8484914302825928,398,3.8484914302825928,398,3.8484914302825928,398
631,mazes/maze100x100_3_70.txt,2.0588085651397705,306,2.0694644451141357,306,2.0694644451141357,306,2.0694644451141357,306
632,mazes/maze100x100_3_7.txt,2.689873695373535,424,2.548767566680908,424,2.548767566680908,424,2.548767566680908,424
633,mazes/maze100x100_3_69.txt,5.633483171463013,598,28.551523685455322,598,28.551523685455322,598,28.551523685455322,598
634,mazes/maze100x100_3_68.txt,2.6735124588012695,493,3.319148063659668,493,3.319148063659668,493,3.319148063659668,493
635,mazes/maze100x100_3_67.txt,4.86332106590271,548,8.555038928985596,548,8.555038928985596,548,8.555038928985596,548
636,mazes/maze100x100_3_66.txt,3.2953922748565674,495,3.1538045406341553,495,3.1538045406341553,495,3.1538045406341553,495
637,mazes/maze100x100_3_65.txt,0.8582358360290527,266,0.8820436000823975,266,0.8820436000823975,266,0.8820436000823975,266
638,mazes/maze100x100_3_64.txt,0.6505722999572754,270,0.6419084072113037,270,0.6419084072113037,270,0.6419084072113037,270
639,mazes/maze100x100_3_63.txt,1.4186530113220215,349,1.8012659549713135,349,1.8012659549713135,349,1.8012659549713135,349
640,mazes/maze100x100_3_62.txt,2.0847036838531494,369,2.0863616466522217,369,2.0863616466522217,369,2.0863616466522217,369
641,mazes/maze100x100_3_61.txt,2.058199882507324,355,2.2143478393554688,355,2.2143478393554688,355,2.2143478393554688,355
642,mazes/maze100x100_3_60.txt,3.94340443611145,479,13.099838018417358,479,13.099838018417358,479,13.099838018417358,479
643,mazes/maze100x100_3_6.txt,1801.549025297165,False,62.896023988723755,False,125.80196499824524,False,304.55931425094604,False
644,mazes/maze100x100_3_59.txt,0.14240598678588867,166,0.18163752555847168,166,0.18163752555847168,166,0.18163752555847168,166
645,mazes/maze100x100_3_58.txt,4.128406047821045,472,4.20583176612854,472,4.20583176612854,472,4.20583176612854,472
646,mazes/maze100x100_3_57.txt,6.181272268295288,582,10.509970426559448,582,10.509970426559448,582,10.509970426559448,582
647,mazes/maze100x100_3_56.txt,4.46384859085083,521,17.91899085044861,521,17.91899085044861,521,17.91899085044861,521
648,mazes/maze100x100_3_55.txt,1.0952246189117432,324,1.981368064880371,324,1.981368064880371,324,1.981368064880371,324
649,mazes/maze100x100_3_54.txt,5.1736836433410645,593,7.051182508468628,593,7.051182508468628,593,7.051182508468628,593
650,mazes/maze100x100_3_53.txt,1.5587823390960693,387,1.8398218154907227,387,1.8398218154907227,387,1.8398218154907227,387
651,mazes/maze100x100_3_52.txt,1.2154271602630615,321,1.2841770648956299,321,1.2841770648956299,321,1.2841770648956299,321
652,mazes/maze100x100_3_51.txt,1.656266689300537,369,1.6755037307739258,369,1.6755037307739258,369,1.6755037307739258,369
653,mazes/maze100x100_3_50.txt,4.596744775772095,521,8.662291288375854,521,8.662291288375854,521,8.662291288375854,521
654,mazes/maze100x100_3_5.txt,7.167848825454712,508,24.885865688323975,508,24.885865688323975,508,24.885865688323975,508
655,mazes/maze100x100_3_49.txt,2.6498920917510986,461,6.081143856048584,461,6.081143856048584,461,6.081143856048584,461
656,mazes/maze100x100_3_48.txt,1.2905328273773193,321,1.3177976608276367,321,1.3177976608276367,321,1.3177976608276367,321
657,mazes/maze100x100_3_47.txt,1.0991144180297852,289,1.703037977218628,289,1.703037977218628,289,1.703037977218628,289
658,mazes/maze100x100_3_46.txt,1.7650084495544434,324,1.7703759670257568,324,1.7703759670257568,324,1.7703759670257568,324
659,mazes/maze100x100_3_45.txt,3.3087592124938965,502,4.941514730453491,502,4.941514730453491,502,4.941514730453491,502
660,mazes/maze100x100_3_44.txt,2.182736396789551,387,2.2528178691864014,387,2.2528178691864014,387,2.2528178691864014,387
661,mazes/maze100x100_3_43.txt,1.787170171737671,353,1.8752524852752686,353,1.8752524852752686,353,1.8752524852752686,353
662,mazes/maze100x100_3_42.txt,1.7251615524291992,369,1.9411094188690186,369,1.9411094188690186,369,1.9411094188690186,369
663,mazes/maze100x100_3_41.txt,4.305881500244141,523,11.133773565292358,523,11.133773565292358,523,11.133773565292358,523
664,mazes/maze100x100_3_40.txt,8.172338247299194,689,14.601169347763062,689,14.601169347763062,689,14.601169347763062,689
665,mazes/maze100x100_3_4.txt,2.2583062648773193,415,8.702608108520508,415,8.702608108520508,415,8.702608108520508,415
666,mazes/maze100x100_3_39.txt,1.7996277809143066,300,1.9480502605438232,300,1.9480502605438232,300,1.9480502605438232,300
667,mazes/maze100x100_3_38.txt,1.4579217433929443,390,1.5869512557983398,390,1.5869512557983398,390,1.5869512557983398,390
668,mazes/maze100x100_3_37.txt,477.6470811367035,497,69.67517399787903,False,121.17501759529114,False,305.5701434612274,False
669,mazes/maze100x100_3_36.txt,0.6290605068206787,317,0.7916364669799805,317,0.7916364669799805,317,0.7916364669799805,317
670,mazes/maze100x100_3_35.txt,2.229261875152588,419,2.164278507232666,419,2.164278507232666,419,2.164278507232666,419
671,mazes/maze100x100_3_34.txt,2.630439281463623,400,3.829906940460205,400,3.829906940460205,400,3.829906940460205,400
672,mazes/maze100x100_3_33.txt,3.5982139110565186,491,3.6061277389526367,491,3.6061277389526367,491,3.6061277389526367,491
673,mazes/maze100x100_3_32.txt,2.920565605163574,418,3.0686259269714355,418,3.0686259269714355,418,3.0686259269714355,418
674,mazes/maze100x100_3_31.txt,0.674034595489502,281,1.2612593173980713,281,1.2612593173980713,281,1.2612593173980713,281
675,mazes/maze100x100_3_30.txt,1.5351126194000244,328,1.4819879531860352,328,1.4819879531860352,328,1.4819879531860352,328
676,mazes/maze100x100_3_3.txt,0.8507876396179199,299,0.776735782623291,299,0.776735782623291,299,0.776735782623291,299
677,mazes/maze100x100_3_29.txt,2.2726144790649414,412,2.433784008026123,412,2.433784008026123,412,2.433784008026123,412
678,mazes/maze100x100_3_28.txt,2.8247153759002686,510,6.114933729171753,510,6.114933729171753,510,6.114933729171753,510
679,mazes/maze100x100_3_27.txt,2.5153892040252686,401,2.708486318588257,401,2.708486318588257,401,2.708486318588257,401
680,mazes/maze100x100_3_26.txt,3.170370101928711,510,3.4475784301757812,510,3.4475784301757812,510,3.4475784301757812,510
681,mazes/maze100x100_3_25.txt,1.0805459022521973,260,1.8890585899353027,260,1.8890585899353027,260,1.8890585899353027,260
682,mazes/maze100x100_3_24.txt,0.47333598136901855,291,0.5355608463287354,291,0.5355608463287354,291,0.5355608463287354,291
683,mazes/maze100x100_3_23.txt,0.8543305397033691,266,0.855414867401123,266,0.855414867401123,266,0.855414867401123,266
684,mazes/maze100x100_3_22.txt,2.0789904594421387,396,2.152357578277588,396,2.152357578277588,396,2.152357578277588,396
685,mazes/maze100x100_3_21.txt,2.4519102573394775,305,60.41457462310791,323,120.99879956245422,323,300.57423639297485,323
686,mazes/maze100x100_3_20.txt,1.192779779434204,334,1.5022504329681396,334,1.5022504329681396,334,1.5022504329681396,334
687,mazes/maze100x100_3_2.txt,2.1628754138946533,411,2.2438740730285645,411,2.2438740730285645,411,2.2438740730285645,411
688,mazes/maze100x100_3_199.txt,1.6187429428100586,392,1.6261510848999023,392,1.6261510848999023,392,1.6261510848999023,392
689,mazes/maze100x100_3_198.txt,2.692622184753418,431,2.8196191787719727,431,2.8196191787719727,431,2.8196191787719727,431
690,mazes/maze100x100_3_197.txt,2.8132078647613525,491,2.624159574508667,491,2.624159574508667,491,2.624159574508667,491
691,mazes/maze100x100_3_196.txt,0.656531572341919,221,0.7118244171142578,221,0.7118244171142578,221,0.7118244171142578,221
692,mazes/maze100x100_3_195.txt,2.3446617126464844,409,2.3598484992980957,409,2.3598484992980957,409,2.3598484992980957,409
693,mazes/maze100x100_3_194.txt,3.6739985942840576,463,3.5255212783813477,463,3.5255212783813477,463,3.5255212783813477,463
694,mazes/maze100x100_3_193.txt,1.133441686630249,317,4.1672704219818115,317,4.1672704219818115,317,4.1672704219818115,317
695,mazes/maze100x100_3_192.txt,4.294690847396851,502,7.350108861923218,502,7.350108861923218,502,7.350108861923218,502
696,mazes/maze100x100_3_191.txt,1.2350387573242188,385,1.2795279026031494,385,1.2795279026031494,385,1.2795279026031494,385
697,mazes/maze100x100_3_190.txt,1.8730661869049072,290,14.120432138442993,290,14.120432138442993,290,14.120432138442993,290
698,mazes/maze100x100_3_19.txt,1.3526618480682373,374,1.8246169090270996,374,1.8246169090270996,374,1.8246169090270996,374
699,mazes/maze100x100_3_189.txt,1.4802570343017578,381,1.5187313556671143,381,1.5187313556671143,381,1.5187313556671143,381
700,mazes/maze100x100_3_188.txt,2.93058180809021,455,5.140331268310547,455,5.140331268310547,455,5.140331268310547,455
701,mazes/maze100x100_3_187.txt,1.993762731552124,440,2.239488124847412,440,2.239488124847412,440,2.239488124847412,440
702,mazes/maze100x100_3_186.txt,5.79504132270813,606,5.510446310043335,606,5.510446310043335,606,5.510446310043335,606
703,mazes/maze100x100_3_185.txt,2.590541362762451,405,5.782116889953613,405,5.782116889953613,405,5.782116889953613,405
704,mazes/maze100x100_3_184.txt,0.8646097183227539,304,2.806112051010132,304,2.806112051010132,304,2.806112051010132,304
705,mazes/maze100x100_3_183.txt,3.2887494564056396,447,2.959057569503784,447,2.959057569503784,447,2.959057569503784,447
706,mazes/maze100x100_3_182.txt,1.3982315063476562,312,1.4236640930175781,312,1.4236640930175781,312,1.4236640930175781,312
707,mazes/maze100x100_3_181.txt,4.687859058380127,646,6.823559045791626,646,6.823559045791626,646,6.823559045791626,646
708,mazes/maze100x100_3_180.txt,3.7398693561553955,405,6.487814426422119,405,6.487814426422119,405,6.487814426422119,405
709,mazes/maze100x100_3_18.txt,1.282020092010498,396,1.5631370544433594,396,1.5631370544433594,396,1.5631370544433594,396
710,mazes/maze100x100_3_179.txt,2.2646732330322266,386,3.418977975845337,386,3.418977975845337,386,3.418977975845337,386
711,mazes/maze100x100_3_178.txt,4.620709657669067,511,7.245368003845215,511,7.245368003845215,511,7.245368003845215,511
712,mazes/maze100x100_3_177.txt,2.7845473289489746,466,2.7037229537963867,466,2.7037229537963867,466,2.7037229537963867,466
713,mazes/maze100x100_3_176.txt,1.4145631790161133,299,6.675944566726685,299,6.675944566726685,299,6.675944566726685,299
714,mazes/maze100x100_3_175.txt,0.04305434226989746,108,0.042638301849365234,108,0.042638301849365234,108,0.042638301849365234,108
715,mazes/maze100x100_3_174.txt,0.75111985206604,305,0.9306252002716064,305,0.9306252002716064,305,0.9306252002716064,305
716,mazes/maze100x100_3_173.txt,0.25571560859680176,172,0.2725968360900879,172,0.2725968360900879,172,0.2725968360900879,172
717,mazes/maze100x100_3_172.txt,1.2445156574249268,339,1.3204784393310547,339,1.3204784393310547,339,1.3204784393310547,339
718,mazes/maze100x100_3_171.txt,1.1745407581329346,282,1.1075611114501953,282,1.1075611114501953,282,1.1075611114501953,282
719,mazes/maze100x100_3_170.txt,3.7904715538024902,445,11.648314237594604,445,11.648314237594604,445,11.648314237594604,445
720,mazes/maze100x100_3_17.txt,2.4888041019439697,427,6.382237434387207,427,6.382237434387207,427,6.382237434387207,427
721,mazes/maze100x100_3_169.txt,2.972895622253418,447,13.025240898132324,447,13.025240898132324,447,13.025240898132324,447
722,mazes/maze100x100_3_168.txt,0.26446986198425293,241,0.26706433296203613,241,0.26706433296203613,241,0.26706433296203613,241
723,mazes/maze100x100_3_167.txt,1.402691125869751,367,3.4794976711273193,367,3.4794976711273193,367,3.4794976711273193,367
724,mazes/maze100x100_3_166.txt,1.2437574863433838,390,2.703709840774536,390,2.703709840774536,390,2.703709840774536,390
725,mazes/maze100x100_3_165.txt,118.05180168151855,370,61.08338260650635,False,122.48455500602722,False,271.75993371009827,370
726,mazes/maze100x100_3_164.txt,0.921093225479126,369,0.8709783554077148,369,0.8709783554077148,369,0.8709783554077148,369
727,mazes/maze100x100_3_163.txt,1.1886043548583984,402,1.9864792823791504,402,1.9864792823791504,402,1.9864792823791504,402
728,mazes/maze100x100_3_162.txt,4.043074131011963,492,6.658396244049072,492,6.658396244049072,492,6.658396244049072,492
729,mazes/maze100x100_3_161.txt,3.02262020111084,468,3.2035858631134033,468,3.2035858631134033,468,3.2035858631134033,468
730,mazes/maze100x100_3_160.txt,2.44667649269104,346,2.5872857570648193,346,2.5872857570648193,346,2.5872857570648193,346
731,mazes/maze100x100_3_16.txt,2.2897074222564697,415,2.3801121711730957,415,2.3801121711730957,415,2.3801121711730957,415
732,mazes/maze100x100_3_159.txt,4.26009726524353,498,14.44074559211731,498,14.44074559211731,498,14.44074559211731,498
733,mazes/maze100x100_3_158.txt,2.5085153579711914,373,2.848233699798584,373,2.848233699798584,373,2.848233699798584,373
734,mazes/maze100x100_3_157.txt,2.140082836151123,371,1.9149186611175537,371,1.9149186611175537,371,1.9149186611175537,371
735,mazes/maze100x100_3_156.txt,1.1021068096160889,296,1.1084825992584229,296,1.1084825992584229,296,1.1084825992584229,296
736,mazes/maze100x100_3_155.txt,2.134145975112915,478,2.88443922996521,478,2.88443922996521,478,2.88443922996521,478
737,mazes/maze100x100_3_154.txt,2.2741239070892334,325,2.464606285095215,325,2.464606285095215,325,2.464606285095215,325
738,mazes/maze100x100_3_153.txt,0.7348635196685791,267,0.8014216423034668,267,0.8014216423034668,267,0.8014216423034668,267
739,mazes/maze100x100_3_152.txt,5.738598346710205,618,18.326528549194336,618,18.326528549194336,618,18.326528549194336,618
740,mazes/maze100x100_3_151.txt,3.3941354751586914,374,22.518396615982056,374,22.518396615982056,374,22.518396615982056,374
741,mazes/maze100x100_3_150.txt,1.5027787685394287,437,4.103221416473389,437,4.103221416473389,437,4.103221416473389,437
742,mazes/maze100x100_3_15.txt,2.719918727874756,355,9.829110383987427,355,9.829110383987427,355,9.829110383987427,355
743,mazes/maze100x100_3_149.txt,1.6104459762573242,318,1.6323773860931396,318,1.6323773860931396,318,1.6323773860931396,318
744,mazes/maze100x100_3_148.txt,1.810912847518921,410,1.8015508651733398,410,1.8015508651733398,410,1.8015508651733398,410
745,mazes/maze100x100_3_147.txt,2.006880044937134,368,4.956525564193726,368,4.956525564193726,368,4.956525564193726,368
746,mazes/maze100x100_3_146.txt,3.583767890930176,446,3.174518346786499,446,3.174518346786499,446,3.174518346786499,446
747,mazes/maze100x100_3_145.txt,1.3559503555297852,354,1.3121440410614014,354,1.3121440410614014,354,1.3121440410614014,354
748,mazes/maze100x100_3_144.txt,2.7792818546295166,479,2.8222076892852783,479,2.8222076892852783,479,2.8222076892852783,479
749,mazes/maze100x100_3_143.txt,0.737177848815918,280,0.7981452941894531,280,0.7981452941894531,280,0.7981452941894531,280
750,mazes/maze100x100_3_142.txt,0.6307113170623779,262,0.616619348526001,262,0.616619348526001,262,0.616619348526001,262
751,mazes/maze100x100_3_141.txt,1.7943906784057617,397,1.6935651302337646,397,1.6935651302337646,397,1.6935651302337646,397
752,mazes/maze100x100_3_140.txt,0.936913251876831,288,1.5635020732879639,288,1.5635020732879639,288,1.5635020732879639,288
753,mazes/maze100x100_3_14.txt,1.2828242778778076,315,1.642874002456665,315,1.642874002456665,315,1.642874002456665,315
754,mazes/maze100x100_3_139.txt,1.7301983833312988,415,1.6044087409973145,415,1.6044087409973145,415,1.6044087409973145,415
755,mazes/maze100x100_3_138.txt,2.113097906112671,369,2.122516632080078,369,2.122516632080078,369,2.122516632080078,369
756,mazes/maze100x100_3_137.txt,1.943920612335205,418,1.935800313949585,418,1.935800313949585,418,1.935800313949585,418
757,mazes/maze100x100_3_136.txt,4.306674242019653,543,8.244142532348633,543,8.244142532348633,543,8.244142532348633,543
758,mazes/maze100x100_3_135.txt,1.7989094257354736,377,6.103519439697266,377,6.103519439697266,377,6.103519439697266,377
759,mazes/maze100x100_3_134.txt,2.8462929725646973,428,2.9706058502197266,428,2.9706058502197266,428,2.9706058502197266,428
760,mazes/maze100x100_3_133.txt,1.9792430400848389,357,4.278439044952393,357,4.278439044952393,357,4.278439044952393,357
761,mazes/maze100x100_3_132.txt,2.4925920963287354,384,7.841349363327026,384,7.841349363327026,384,7.841349363327026,384
762,mazes/maze100x100_3_131.txt,0.6568188667297363,300,0.9652550220489502,300,0.9652550220489502,300,0.9652550220489502,300
763,mazes/maze100x100_3_130.txt,4.030902624130249,550,6.416457176208496,550,6.416457176208496,550,6.416457176208496,550
764,mazes/maze100x100_3_13.txt,0.6715795993804932,281,0.6964685916900635,281,0.6964685916900635,281,0.6964685916900635,281
765,mazes/maze100x100_3_129.txt,1.9913511276245117,409,2.071897268295288,409,2.071897268295288,409,2.071897268295288,409
766,mazes/maze100x100_3_128.txt,1800.4113636016846,False,62.887125968933105,False,124.15789651870728,False,319.6847529411316,False
767,mazes/maze100x100_3_127.txt,0.10908961296081543,140,0.10455465316772461,140,0.10455465316772461,140,0.10455465316772461,140
768,mazes/maze100x100_3_126.txt,0.5724806785583496,277,0.9715774059295654,277,0.9715774059295654,277,0.9715774059295654,277
769,mazes/maze100x100_3_125.txt,0.9559471607208252,323,0.9982573986053467,323,0.9982573986053467,323,0.9982573986053467,323
770,mazes/maze100x100_3_124.txt,2.6943867206573486,365,2.6640796661376953,365,2.6640796661376953,365,2.6640796661376953,365
771,mazes/maze100x100_3_123.txt,0.49896693229675293,242,0.5152914524078369,242,0.5152914524078369,242,0.5152914524078369,242
772,mazes/maze100x100_3_122.txt,4.13110089302063,468,4.700490951538086,468,4.700490951538086,468,4.700490951538086,468
773,mazes/maze100x100_3_121.txt,2.2484655380249023,430,2.1779356002807617,430,2.1779356002807617,430,2.1779356002807617,430
774,mazes/maze100x100_3_120.txt,2.3155527114868164,405,2.1378133296966553,405,2.1378133296966553,405,2.1378133296966553,405
775,mazes/maze100x100_3_12.txt,1.2953250408172607,306,1.654973030090332,306,1.654973030090332,306,1.654973030090332,306
776,mazes/maze100x100_3_119.txt,0.12404417991638184,156,0.11885333061218262,156,0.11885333061218262,156,0.11885333061218262,156
777,mazes/maze100x100_3_118.txt,4.669118165969849,561,4.1757683753967285,561,4.1757683753967285,561,4.1757683753967285,561
778,mazes/maze100x100_3_117.txt,0.8734393119812012,297,0.9291782379150391,297,0.9291782379150391,297,0.9291782379150391,297
779,mazes/maze100x100_3_116.txt,0.9828090667724609,266,1.0231411457061768,266,1.0231411457061768,266,1.0231411457061768,266
780,mazes/maze100x100_3_115.txt,1.678504467010498,354,1.7374191284179688,354,1.7374191284179688,354,1.7374191284179688,354
781,mazes/maze100x100_3_114.txt,2.334298610687256,471,2.4821698665618896,471,2.4821698665618896,471,2.4821698665618896,471
782,mazes/maze100x100_3_113.txt,0.9501931667327881,337,1.0100421905517578,337,1.0100421905517578,337,1.0100421905517578,337
783,mazes/maze100x100_3_112.txt,3.1235551834106445,405,10.54982304573059,405,10.54982304573059,405,10.54982304573059,405
784,mazes/maze100x100_3_111.txt,1800.9058663845062,False,60.760846853256226,False,131.06670665740967,False,329.0341246128082,False
785,mazes/maze100x100_3_110.txt,1.3219361305236816,329,1.4940822124481201,329,1.4940822124481201,329,1.4940822124481201,329
786,mazes/maze100x100_3_11.txt,1.5302343368530273,369,1.5989000797271729,369,1.5989000797271729,369,1.5989000797271729,369
787,mazes/maze100x100_3_109.txt,2.3350765705108643,351,6.801295280456543,351,6.801295280456543,351,6.801295280456543,351
788,mazes/maze100x100_3_108.txt,0.8375799655914307,262,1.0869007110595703,262,1.0869007110595703,262,1.0869007110595703,262
789,mazes/maze100x100_3_107.txt,2.3006210327148438,442,2.3057117462158203,442,2.3057117462158203,442,2.3057117462158203,442
790,mazes/maze100x100_3_106.txt,1.314028024673462,346,1.4403023719787598,346,1.4403023719787598,346,1.4403023719787598,346
791,mazes/maze100x100_3_105.txt,3.0295283794403076,372,2.7342677116394043,372,2.7342677116394043,372,2.7342677116394043,372
792,mazes/maze100x100_3_104.txt,3.1215429306030273,511,2.8788955211639404,511,2.8788955211639404,511,2.8788955211639404,511
793,mazes/maze100x100_3_103.txt,1.312469244003296,273,1.2200069427490234,273,1.2200069427490234,273,1.2200069427490234,273
794,mazes/maze100x100_3_102.txt,1.428459882736206,319,1.4292666912078857,319,1.4292666912078857,319,1.4292666912078857,319
795,mazes/maze100x100_3_101.txt,0.07073616981506348,139,0.08377957344055176,139,0.08377957344055176,139,0.08377957344055176,139
796,mazes/maze100x100_3_100.txt,0.9003002643585205,317,0.8668553829193115,317,0.8668553829193115,317,0.8668553829193115,317
797,mazes/maze100x100_3_10.txt,1.0607187747955322,275,1.1145005226135254,275,1.1145005226135254,275,1.1145005226135254,275
798,mazes/maze100x100_3_1.txt,5.308934926986694,628,5.445411920547485,628,5.445411920547485,628,5.445411920547485,628
799,mazes/maze100x100_3_0.txt,1.984773874282837,320,1.978489875793457,320,1.978489875793457,320,1.978489875793457,320
